LETRA,MATRICULA,CUENTA
EM,846,     1
A,879,     2
EM,1824,     3
A,707,     4
A,3674,     5
EM,2211,     6
A,5255,     7
A,5935,     8
A,7586,     9
A,637,    10
A,3354,    11
A,1445,    12
A,4104,    13
EM,2066,    14
EM,1474,    15
EM,1461,    16
A,2131,    17
A,1229,    18
A,1040,    19
A,6146,    20
A,6305,    21
EM,1580,    22
EM,1545,    23
A,5454,    24
EM,2018,    25
EM,1268,    26
EM,2179,    27
EM,1191,    28
A,7626,    29
A,6469,    30
A,315,    31
A,4773,    32
A,6943,    33
A,2321,    34
A,6381,    35
A,6863,    36
A,6440,    37
A,4199,    38
EM,1547,    39
A,6797,    40
A,5740,    41
EM,1887,    42
A,4992,    43
A,4625,    44
EM,1838,    45
EM,1624,    46
EM,1963,    47
A,7190,    48
A,6656,    49
EM,2204,    50
EM,1982,    51
A,7722,    52
A,3394,    53
A,6955,    54
A,1365,    55
A,802,    56
A,4389,    57
A,5764,    58
A,3645,    59
A,7724,    60
A,1849,    61
A,3778,    62
EM,1332,    63
EM,1942,    64
A,3295,    65
A,7223,    66
A,3435,    67
A,6454,    68
A,4029,    69
A,4007,    70
EM,745,    71
A,5745,    72
A,7461,    73
A,5977,    74
A,6122,    75
EM,938,    76
EM,1799,    77
A,1551,    78
A,2298,    79
A,6919,    80
EM,1388,    81
EM,1535,    82
EM,1324,    83
A,3210,    84
A,3462,    85
A,860,    86
A,6120,    87
A,1660,    88
A,1512,    89
A,4179,    90
A,2203,    91
EM,2213,    92
A,5698,    93
A,6130,    94
A,6203,    95
A,3923,    96
A,4470,    97
A,7702,    98
A,5987,    99
A,6630,   100
A,6930,   101
A,4742,   102
EM,1847,   103
A,4673,   104
A,7053,   105
EM,1264,   106
EM,650,   107
EM,1701,   108
A,6112,   109
A,4468,   110
EM,1763,   111
A,7785,   112
A,3800,   113
A,6532,   114
A,5963,   115
EM,2014,   116
EM,1204,   117
A,3681,   118
EM,1800,   119
A,7371,   120
A,5006,   121
A,6345,   122
A,7460,   123
A,3538,   124
A,2834,   125
A,6578,   126
A,1369,   127
EM,2173,   128
EM,665,   129
EM,1026,   130
A,6644,   131
EM,2152,   132
A,3460,   133
A,4875,   134
A,6845,   135
A,6795,   136
EM,1884,   137
A,2978,   138
A,7761,   139
A,6983,   140
A,750,   141
A,5507,   142
EM,927,   143
A,778,   144
A,6308,   145
A,5213,   146
A,4509,   147
A,4541,   148
A,2939,   149
A,2988,   150
EM,1844,   151
A,6290,   152
EM,883,   153
A,7539,   154
A,3190,   155
EM,1915,   156
A,1670,   157
A,3857,   158
EM,531,   159
A,1549,   160
A,6588,   161
EM,1485,   162
A,7139,   163
A,4270,   164
A,3558,   165
A,232,   166
EM,1845,   167
A,7709,   168
A,5420,   169
A,7459,   170
A,1705,   171
A,6882,   172
A,7768,   173
A,883,   174
A,7490,   175
A,4242,   176
A,6413,   177
A,7202,   178
A,6047,   179
EM,1296,   180
A,3727,   181
A,2410,   182
A,2408,   183
A,6784,   184
A,4820,   185
A,1662,   186
A,6732,   187
A,6888,   188
A,7405,   189
A,1925,   190
A,3769,   191
EM,1791,   192
A,971,   193
A,4516,   194
A,478,   195
A,5928,   196
EM,526,   197
A,6906,   198
A,3580,   199
A,5083,   200
A,6293,   201
A,7339,   202
A,6017,   203
EM,1127,   204
EM,1782,   205
EM,2036,   206
EM,1831,   207
A,3033,   208
A,7097,   209
EM,1608,   210
A,7100,   211
A,2750,   212
EM,1785,   213
A,5343,   214
A,696,   215
A,132,   216
A,3126,   217
A,7687,   218
A,7466,   219
A,1635,   220
A,5481,   221
A,2525,   222
EM,2229,   223
A,7457,   224
A,1566,   225
A,1041,   226
A,3170,   227
A,691,   228
EM,1715,   229
A,5404,   230
A,6109,   231
A,7055,   232
A,6781,   233
A,6814,   234
A,7563,   235
A,7133,   236
A,7549,   237
A,3787,   238
EM,1377,   239
A,2715,   240
EM,1525,   241
A,5929,   242
EM,1974,   243
A,6475,   244
A,7506,   245
EM,1381,   246
EM,2041,   247
A,7501,   248
EM,1726,   249
A,7665,   250
A,3318,   251
EM,2046,   252
EM,487,   253
EM,1673,   254
A,3819,   255
A,7398,   256
A,5078,   257
EM,2105,   258
A,5518,   259
A,76,   260
A,123,   261
A,2479,   262
A,904,   263
A,2545,   264
EM,1751,   265
A,3296,   266
A,7672,   267
A,6982,   268
EM,2024,   269
A,4570,   270
A,4593,   271
A,3544,   272
A,4844,   273
A,6909,   274
A,6866,   275
A,5607,   276
A,7005,   277
A,2873,   278
A,6891,   279
A,5514,   280
A,6734,   281
A,6067,   282
A,4339,   283
A,2752,   284
A,5218,   285
A,4094,   286
A,6509,   287
A,6255,   288
EM,1935,   289
A,3995,   290
A,5336,   291
A,7609,   292
A,4141,   293
A,4614,   294
EM,2104,   295
A,7661,   296
A,3041,   297
A,3031,   298
A,5282,   299
A,7757,   300
EM,2122,   301
EM,1511,   302
A,7198,   303
A,3707,   304
EM,1717,   305
EM,2150,   306
EM,1875,   307
A,4493,   308
A,6546,   309
A,3552,   310
A,2559,   311
A,6504,   312
A,3567,   313
A,1547,   314
A,981,   315
A,5943,   316
EM,1653,   317
A,255,   318
A,7553,   319
A,301,   320
A,907,   321
A,2347,   322
A,1895,   323
A,2059,   324
A,4455,   325
A,2357,   326
A,7048,   327
A,5962,   328
A,4645,   329
EM,829,   330
A,2282,   331
A,243,   332
A,7300,   333
A,1869,   334
EM,1351,   335
EM,2185,   336
EM,1934,   337
A,5092,   338
A,4815,   339
A,7040,   340
A,1043,   341
A,7639,   342
A,2577,   343
EM,1490,   344
A,7728,   345
A,7493,   346
A,1414,   347
A,1919,   348
A,3472,   349
A,4870,   350
A,5065,   351
A,5054,   352
A,4864,   353
A,6282,   354
A,4912,   355
A,3740,   356
EM,1515,   357
A,6461,   358
A,4644,   359
EM,871,   360
EM,1902,   361
EM,1750,   362
A,2394,   363
A,4972,   364
A,6380,   365
EM,1165,   366
A,5453,   367
A,3660,   368
A,5010,   369
A,7092,   370
A,6329,   371
A,2076,   372
A,3142,   373
EM,754,   374
A,3307,   375
A,47,   376
EM,1394,   377
A,7207,   378
EM,1349,   379
A,3198,   380
EM,1748,   381
A,4067,   382
A,2690,   383
A,3261,   384
A,4460,   385
A,5216,   386
A,4208,   387
A,4231,   388
A,5717,   389
A,4649,   390
A,4207,   391
A,4522,   392
A,7146,   393
EM,2249,   394
A,4485,   395
A,5893,   396
A,7111,   397
A,7319,   398
EM,1811,   399
A,4817,   400
A,6506,   401
A,2535,   402
A,4116,   403
A,4288,   404
A,2719,   405
A,7442,   406
A,6756,   407
A,273,   408
A,7095,   409
EM,1903,   410
EM,2004,   411
EM,2156,   412
EM,799,   413
A,703,   414
A,164,   415
EM,1559,   416
A,1047,   417
A,6637,   418
EM,2252,   419
A,3625,   420
A,5437,   421
A,6158,   422
A,5692,   423
A,5455,   424
A,1559,   425
A,2002,   426
A,4590,   427
A,2324,   428
A,6874,   429
A,7569,   430
A,5202,   431
EM,1832,   432
A,4949,   433
A,6699,   434
A,5074,   435
A,5843,   436
A,4660,   437
A,4846,   438
A,1946,   439
A,4341,   440
A,3328,   441
A,835,   442
A,6887,   443
A,2937,   444
A,7711,   445
A,7014,   446
A,5257,   447
EM,1239,   448
A,2320,   449
A,2995,   450
A,7332,   451
A,3168,   452
A,6703,   453
EM,1650,   454
A,1353,   455
EM,1460,   456
A,1829,   457
A,3853,   458
EM,1243,   459
A,1148,   460
A,342,   461
A,7762,   462
A,7250,   463
A,1349,   464
A,6946,   465
A,4180,   466
A,2613,   467
A,6621,   468
A,4164,   469
A,7344,   470
A,4731,   471
A,4534,   472
A,6751,   473
EM,317,   474
A,4300,   475
A,5864,   476
A,6924,   477
A,4415,   478
A,7660,   479
A,6342,   480
EM,1574,   481
A,7074,   482
A,1054,   483
A,714,   484
A,6352,   485
A,4862,   486
A,6515,   487
A,7502,   488
A,819,   489
A,1328,   490
A,7749,   491
A,7362,   492
A,7233,   493
A,4603,   494
A,980,   495
A,4861,   496
A,6753,   497
EM,1439,   498
A,6997,   499
A,4505,   500
A,6395,   501
A,7488,   502
A,3804,   503
A,3629,   504
A,2466,   505
A,1196,   506
A,6859,   507
A,2173,   508
A,4533,   509
A,7615,   510
A,5605,   511
A,5509,   512
A,2972,   513
A,5746,   514
A,6660,   515
A,5713,   516
A,5223,   517
A,7448,   518
EM,1570,   519
A,7080,   520
A,6886,   521
A,4615,   522
A,5194,   523
A,7312,   524
A,5691,   525
A,7075,   526
EM,1174,   527
A,3046,   528
EM,1973,   529
A,3812,   530
EM,1513,   531
A,7531,   532
A,6956,   533
A,6811,   534
A,5393,   535
A,7495,   536
A,6952,   537
A,6990,   538
A,6701,   539
EM,1293,   540
A,3236,   541
A,2430,   542
A,7132,   543
A,4816,   544
A,5772,   545
A,4369,   546
A,7556,   547
A,5482,   548
A,1050,   549
A,6527,   550
A,1222,   551
A,4508,   552
A,4600,   553
A,886,   554
A,7408,   555
A,2094,   556
A,6951,   557
A,1212,   558
A,2507,   559
A,6726,   560
A,881,   561
A,2968,   562
A,1415,   563
A,6693,   564
A,3795,   565
A,5461,   566
A,7426,   567
A,1614,   568
A,7118,   569
A,6188,   570
EM,1721,   571
A,5803,   572
A,3587,   573
A,6510,   574
A,7597,   575
A,2012,   576
A,3463,   577
A,7521,   578
A,4728,   579
A,4381,   580
A,4907,   581
A,6558,   582
A,2301,   583
A,6474,   584
A,2020,   585
A,3287,   586
A,291,   587
A,6103,   588
A,6221,   589
A,7399,   590
EM,719,   591
A,7241,   592
A,404,   593
A,7353,   594
A,1762,   595
A,2601,   596
A,3172,   597
A,3734,   598
A,5221,   599
A,5973,   600
A,3828,   601
A,6899,   602
A,4643,   603
A,2740,   604
A,5595,   605
A,6698,   606
A,3810,   607
A,2515,   608
A,3099,   609
A,2662,   610
EM,243,   611
A,3684,   612
A,6050,   613
A,5784,   614
A,7509,   615
A,3639,   616
EM,1626,   617
A,5945,   618
A,5267,   619
A,4439,   620
EM,1671,   621
EM,401,   622
A,6687,   623
A,6332,   624
A,6828,   625
A,5737,   626
A,6748,   627
A,3416,   628
A,1080,   629
A,4545,   630
EM,1068,   631
A,2502,   632
A,5130,   633
A,3387,   634
A,6224,   635
A,6274,   636
A,3301,   637
A,646,   638
A,5101,   639
A,4699,   640
A,7678,   641
A,6391,   642
A,1952,   643
A,6407,   644
EM,2062,   645
A,5033,   646
A,6262,   647
A,4483,   648
EM,1649,   649
EM,1561,   650
A,7108,   651
A,6022,   652
EM,1629,   653
EM,1628,   654
A,5163,   655
EM,2228,   656
A,3270,   657
A,5598,   658
A,2546,   659
A,606,   660
A,3711,   661
A,7725,   662
A,2884,   663
A,1724,   664
A,5966,   665
A,3832,   666
A,3482,   667
A,5463,   668
A,7088,   669
A,4650,   670
A,4998,   671
A,7006,   672
A,7359,   673
A,6922,   674
A,722,   675
A,514,   676
A,7394,   677
A,284,   678
A,878,   679
A,5073,   680
EM,1382,   681
A,245,   682
A,7669,   683
A,6218,   684
A,4746,   685
A,4168,   686
A,4855,   687
A,6243,   688
A,4121,   689
A,4481,   690
A,6331,   691
EM,1698,   692
A,2835,   693
A,6258,   694
A,2454,   695
A,1652,   696
A,5152,   697
A,7002,   698
A,7193,   699
A,909,   700
A,5049,   701
EM,1588,   702
EM,2145,   703
A,7232,   704
A,7310,   705
A,5557,   706
A,3431,   707
EM,1406,   708
EM,1893,   709
EM,1945,   710
EM,2148,   711
EM,102,   712
A,4761,   713
A,6653,   714
A,6878,   715
EM,1128,   716
A,2431,   717
A,3175,   718
A,5028,   719
A,4587,   720
A,4342,   721
A,4813,   722
A,5620,   723
A,4077,   724
A,2429,   725
A,5688,   726
A,7577,   727
A,1745,   728
A,7721,   729
A,5827,   730
A,5417,   731
A,6993,   732
A,7161,   733
A,6586,   734
A,3132,   735
A,6306,   736
A,522,   737
A,5466,   738
A,7496,   739
A,2018,   740
EM,1740,   741
EM,1740,   742
A,7662,   743
A,1597,   744
EM,2206,   745
EM,1404,   746
A,7335,   747
A,2427,   748
A,6923,   749
A,7278,   750
EM,721,   751
A,1008,   752
A,3476,   753
A,5362,   754
A,4396,   755
A,7452,   756
A,7540,   757
A,6121,   758
A,2356,   759
A,2223,   760
A,4740,   761
A,3661,   762
A,5306,   763
A,7587,   764
A,5295,   765
A,6704,   766
A,7719,   767
A,7781,   768
A,7010,   769
A,7747,   770
A,5970,   771
A,7012,   772
A,2299,   773
A,3618,   774
A,5786,   775
A,4000,   776
A,4261,   777
A,6761,   778
A,3998,   779
A,4517,   780
A,7583,   781
A,3456,   782
A,2787,   783
A,3536,   784
A,3537,   785
A,242,   786
EM,60,   787
EM,1843,   788
A,4840,   789
A,7391,   790
A,5266,   791
A,2653,   792
A,770,   793
A,6062,   794
A,6760,   795
EM,1714,   796
A,7131,   797
A,5000,   798
A,7263,   799
EM,1890,   800
EM,1534,   801
A,2627,   802
A,5829,   803
A,6992,   804
A,3364,   805
A,4290,   806
EM,1565,   807
A,7658,   808
A,5344,   809
A,6920,   810
EM,980,   811
A,1477,   812
A,6675,   813
A,6648,   814
A,2471,   815
A,7620,   816
A,5783,   817
A,5676,   818
A,3632,   819
A,5187,   820
A,1959,   821
A,937,   822
A,1391,   823
A,558,   824
A,2377,   825
A,7637,   826
A,7427,   827
A,7440,   828
A,6367,   829
A,4221,   830
A,6948,   831
EM,507,   832
A,1572,   833
A,3153,   834
A,6100,   835
A,7565,   836
A,4338,   837
A,4170,   838
A,6689,   839
A,5175,   840
A,4895,   841
A,6349,   842
A,6893,   843
A,7314,   844
A,1000,   845
A,6276,   846
A,3125,   847
A,3627,   848
EM,1657,   849
A,5251,   850
A,6796,   851
A,96,   852
A,4276,   853
A,1505,   854
EM,1448,   855
A,4771,   856
A,3396,   857
A,2782,   858
A,440,   859
A,5210,   860
A,6210,   861
A,3658,   862
A,6412,   863
A,7001,   864
EM,1542,   865
EM,1871,   866
A,5814,   867
A,5534,   868
A,7389,   869
A,5440,   870
EM,1266,   871
A,2678,   872
A,3326,   873
A,6777,   874
A,6583,   875
A,3597,   876
A,4292,   877
A,7033,   878
A,6916,   879
A,6790,   880
A,5442,   881
A,7257,   882
A,7449,   883
A,7185,   884
A,5071,   885
A,6081,   886
A,6907,   887
A,1327,   888
A,7258,   889
A,6861,   890
A,7279,   891
A,4931,   892
A,3903,   893
A,5104,   894
A,5653,   895
A,3989,   896
EM,1276,   897
A,3348,   898
A,3879,   899
EM,1263,   900
A,3622,   901
A,1812,   902
A,7682,   903
A,4343,   904
A,5779,   905
A,4948,   906
A,6683,   907
A,7628,   908
A,4702,   909
A,4259,   910
A,6843,   911
EM,1816,   912
A,7594,   913
EM,1946,   914
EM,1943,   915
A,6649,   916
A,7409,   917
A,7085,   918
A,6316,   919
A,7287,   920
A,4811,   921
A,6805,   922
A,3160,   923
A,982,   924
A,4847,   925
A,4868,   926
A,3471,   927
A,6010,   928
A,1852,   929
A,7309,   930
EM,1664,   931
A,4568,   932
A,5761,   933
A,7435,   934
A,1757,   935
EM,2118,   936
A,5239,   937
A,7432,   938
A,2134,   939
A,6377,   940
A,6140,   941
A,3809,   942
A,5153,   943
A,7023,   944
A,3104,   945
A,4892,   946
A,4429,   947
A,3712,   948
A,5915,   949
A,7098,   950
A,7598,   951
A,5998,   952
A,5017,   953
A,6012,   954
A,6813,   955
A,5352,   956
A,4240,   957
EM,431,   958
A,5892,   959
A,5939,   960
A,1941,   961
A,4068,   962
A,3606,   963
A,7581,   964
A,885,   965
A,1788,   966
EM,1858,   967
A,4107,   968
A,6938,   969
A,7504,   970
A,7647,   971
A,2589,   972
A,3991,   973
A,7383,   974
EM,1233,   975
A,7546,   976
A,3729,   977
A,2728,   978
A,754,   979
A,6487,   980
A,7342,   981
A,5317,   982
A,5369,   983
A,2446,   984
A,6111,   985
A,6914,   986
A,6902,   987
A,6139,   988
EM,262,   989
A,5403,   990
A,5321,   991
A,6758,   992
A,7765,   993
A,1823,   994
A,3219,   995
A,1665,   996
EM,1938,   997
EM,1867,   998
EM,334,   999
EM,2137,  1000
EM,2227,  1001
A,2089,  1002
A,1540,  1003
A,5020,  1004
A,4420,  1005
A,6911,  1006
A,6607,  1007
A,1259,  1008
A,2946,  1009
A,37,  1010
A,7760,  1011
EM,1392,  1012
A,166,  1013
A,1146,  1014
A,6608,  1015
A,4935,  1016
A,3487,  1017
A,933,  1018
A,2819,  1019
A,7415,  1020
A,6647,  1021
A,6324,  1022
A,6611,  1023
A,6869,  1024
A,2245,  1025
A,5487,  1026
A,6803,  1027
EM,1590,  1028
EM,1633,  1029
A,2806,  1030
A,4319,  1031
A,6694,  1032
A,3929,  1033
EM,1737,  1034
A,4685,  1035
EM,358,  1036
A,5703,  1037
A,1136,  1038
A,7020,  1039
A,1304,  1040
A,7107,  1041
A,1320,  1042
A,2771,  1043
A,4489,  1044
A,3757,  1045
EM,1270,  1046
A,6442,  1047
A,7296,  1048
A,7754,  1049
A,5377,  1050
A,3899,  1051
A,7136,  1052
A,2162,  1053
A,6164,  1054
A,5375,  1055
A,4440,  1056
A,4563,  1057
A,2100,  1058
A,3574,  1059
A,6599,  1060
A,6512,  1061
A,3601,  1062
A,6108,  1063
A,5658,  1064
A,4621,  1065
A,7611,  1066
A,6292,  1067
A,7462,  1068
A,7407,  1069
EM,1299,  1070
A,3646,  1071
A,1865,  1072
A,7557,  1073
A,3107,  1074
A,4959,  1075
A,3568,  1076
A,1983,  1077
A,1192,  1078
A,5247,  1079
A,1628,  1080
A,7424,  1081
A,1979,  1082
A,7431,  1083
A,6491,  1084
A,3706,  1085
A,5079,  1086
A,6829,  1087
A,1185,  1088
A,4149,  1089
A,1449,  1090
EM,1083,  1091
EM,1793,  1092
A,7293,  1093
A,2941,  1094
A,4565,  1095
A,4089,  1096
A,2476,  1097
A,5386,  1098
EM,1707,  1099
A,3065,  1100
A,268,  1101
A,791,  1102
A,6806,  1103
A,4044,  1104
EM,304,  1105
A,2933,  1106
A,7203,  1107
EM,1999,  1108
A,848,  1109
A,5174,  1110
A,3174,  1111
A,4767,  1112
A,651,  1113
A,2674,  1114
A,3116,  1115
A,7505,  1116
EM,1310,  1117
A,6514,  1118
EM,482,  1119
EM,2114,  1120
A,6840,  1121
A,4031,  1122
A,2820,  1123
A,168,  1124
EM,321,  1125
EM,1453,  1126
A,6335,  1127
A,5699,  1128
A,4708,  1129
EM,1807,  1130
A,6383,  1131
A,1861,  1132
A,3866,  1133
A,7494,  1134
A,684,  1135
A,7093,  1136
A,5193,  1137
A,5425,  1138
EM,1907,  1139
A,3917,  1140
A,4174,  1141
A,3758,  1142
A,1492,  1143
A,1530,  1144
A,2571,  1145
A,5294,  1146
EM,1606,  1147
A,7774,  1148
EM,2183,  1149
EM,1176,  1150
EM,1451,  1151
EM,2165,  1152
A,5098,  1153
EM,1690,  1154
A,5824,  1155
EM,1347,  1156
A,2048,  1157
A,5086,  1158
A,6452,  1159
A,3386,  1160
A,2025,  1161
A,5790,  1162
A,3890,  1163
EM,2031,  1164
A,4332,  1165
EM,962,  1166
A,6496,  1167
A,4143,  1168
EM,73,  1169
A,6820,  1170
EM,2239,  1171
A,4881,  1172
A,148,  1173
A,7429,  1174
A,6537,  1175
EM,1783,  1176
A,2319,  1177
A,6836,  1178
EM,318,  1179
A,7231,  1180
EM,2191,  1181
A,4073,  1182
A,4243,  1183
A,735,  1184
A,2562,  1185
A,4555,  1186
A,5581,  1187
EM,1954,  1188
A,4370,  1189
A,1418,  1190
A,7419,  1191
A,3013,  1192
A,3014,  1193
A,3012,  1194
EM,428,  1195
EM,2167,  1196
A,3183,  1197
A,7291,  1198
EM,1756,  1199
A,5888,  1200
A,2639,  1201
A,3993,  1202
EM,1683,  1203
EM,2221,  1204
A,7167,  1205
EM,1430,  1206
A,4738,  1207
A,851,  1208
EM,2052,  1209
EM,2155,  1210
A,2637,  1211
EM,1080,  1212
EM,1337,  1213
EM,134,  1214
A,135,  1215
A,3736,  1216
A,4320,  1217
A,2668,  1218
EM,1528,  1219
EM,1262,  1220
EM,2095,  1221
A,7244,  1222
A,414,  1223
A,6400,  1224
A,6821,  1225
A,3288,  1226
A,4581,  1227
A,6762,  1228
A,4449,  1229
A,10,  1230
A,4976,  1231
A,5517,  1232
A,5570,  1233
A,4386,  1234
A,4790,  1235
A,4957,  1236
EM,2056,  1237
A,6466,  1238
A,7787,  1239
EM,1600,  1240
A,5941,  1241
A,7625,  1242
EM,1387,  1243
A,4380,  1244
EM,1317,  1245
EM,495,  1246
EM,574,  1247
EM,885,  1248
EM,1571,  1249
A,6543,  1250
EM,724,  1251
EM,1789,  1252
EM,1880,  1253
EM,1343,  1254
EM,2260,  1255
EM,1953,  1256
EM,1906,  1257
EM,1635,  1258
EM,1957,  1259
EM,2219,  1260
A,4754,  1261
A,3771,  1262
EM,2049,  1263
EM,264,  1264
EM,1710,  1265
EM,1450,  1266
EM,1120,  1267
EM,1735,  1268
EM,1614,  1269
A,6336,  1270
A,7775,  1271
A,2777,  1272
EM,1254,  1273
EM,2176,  1274
EM,1687,  1275
EM,2013,  1276
EM,1148,  1277
EM,1459,  1278
EM,1298,  1279
EM,1842,  1280
EM,1896,  1281
EM,2207,  1282
EM,1839,  1283
EM,1558,  1284
EM,1169,  1285
EM,555,  1286
EM,2113,  1287
EM,1409,  1288
EM,851,  1289
EM,2172,  1290
EM,1965,  1291
EM,1720,  1292
EM,1986,  1293
EM,1865,  1294
EM,1694,  1295
EM,1018,  1296
EM,2100,  1297
EM,2108,  1298
EM,1471,  1299
EM,955,  1300
EM,1706,  1301
EM,2089,  1302
EM,1743,  1303
EM,2182,  1304
EM,2222,  1305
EM,2025,  1306
EM,694,  1307
EM,2214,  1308
EM,1544,  1309
EM,1000,  1310
EM,1223,  1311
EM,1923,  1312
EM,2223,  1313
EM,2130,  1314
EM,1407,  1315
EM,1992,  1316
EM,1466,  1317
EM,442,  1318
EM,670,  1319
EM,1259,  1320
EM,1467,  1321
EM,1048,  1322
EM,1643,  1323
EM,1830,  1324
EM,1897,  1325
A,7630,  1326
A,7330,  1327
EM,1711,  1328
A,1269,  1329
A,5019,  1330
EM,1527,  1331
EM,1345,  1332
A,1510,  1333
A,5597,  1334
EM,1660,  1335
A,5766,  1336
EM,1502,  1337
EM,1681,  1338
EM,1421,  1339
EM,1727,  1340
EM,1786,  1341
EM,1805,  1342
EM,1616,  1343
EM,1257,  1344
EM,2175,  1345
EM,1809,  1346
EM,1878,  1347
EM,651,  1348
A,3714,  1349
A,6222,  1350
EM,1586,  1351
A,5367,  1352
A,5189,  1353
EM,1774,  1354
A,1311,  1355
EM,1862,  1356
A,6883,  1357
A,6722,  1358
A,7538,  1359
A,7585,  1360
A,2317,  1361
A,3293,  1362
A,5279,  1363
A,7239,  1364
A,6358,  1365
A,5916,  1366
A,6927,  1367
A,1400,  1368
A,2398,  1369
A,6000,  1370
A,1908,  1371
A,3598,  1372
A,5910,  1373
A,4039,  1374
A,7715,  1375
A,5819,  1376
A,3816,  1377
A,3667,  1378
A,6124,  1379
A,5573,  1380
EM,503,  1381
A,7112,  1382
A,1837,  1383
A,4542,  1384
A,7527,  1385
A,3561,  1386
A,5860,  1387
EM,1470,  1388
EM,978,  1389
A,6827,  1390
A,1422,  1391
A,6833,  1392
A,969,  1393
A,5801,  1394
A,4814,  1395
EM,637,  1396
A,6707,  1397
EM,1132,  1398
EM,1238,  1399
A,5026,  1400
A,6851,  1401
A,7174,  1402
EM,1479,  1403
A,7275,  1404
A,2621,  1405
A,5793,  1406
EM,1540,  1407
A,2773,  1408
A,4395,  1409
A,5511,  1410
EM,1282,  1411
A,5984,  1412
A,7368,  1413
A,2354,  1414
A,7099,  1415
A,2784,  1416
A,5444,  1417
EM,2254,  1418
A,5319,  1419
EM,1894,  1420
EM,1463,  1421
EM,2115,  1422
A,6665,  1423
A,74,  1424
A,4347,  1425
EM,2230,  1426
A,1433,  1427
A,7356,  1428
A,3616,  1429
A,4913,  1430
A,6501,  1431
A,6437,  1432
A,7217,  1433
A,6106,  1434
A,3316,  1435
A,7011,  1436
EM,432,  1437
EM,12,  1438
A,6932,  1439
A,6042,  1440
A,6880,  1441
A,6574,  1442
EM,1980,  1443
A,5648,  1444
A,4642,  1445
A,4594,  1446
A,6826,  1447
A,7588,  1448
A,7276,  1449
A,163,  1450
A,3162,  1451
A,7675,  1452
A,7149,  1453
A,1791,  1454
A,7277,  1455
EM,682,  1456
EM,1905,  1457
A,4405,  1458
A,4834,  1459
A,3994,  1460
A,6765,  1461
A,3124,  1462
EM,1813,  1463
A,2277,  1464
A,6521,  1465
A,5224,  1466
A,7475,  1467
A,7361,  1468
A,2815,  1469
A,5215,  1470
A,4387,  1471
EM,1473,  1472
A,7796,  1473
A,3521,  1474
EM,1562,  1475
EM,1969,  1476
EM,1543,  1477
EM,1684,  1478
EM,907,  1479
EM,1676,  1480
EM,1619,  1481
EM,1794,  1482
EM,1325,  1483
EM,1985,  1484
EM,1961,  1485
EM,2051,  1486
A,6873,  1487
A,5522,  1488
A,1268,  1489
A,4664,  1490
EM,1484,  1491
A,4518,  1492
A,4064,  1493
A,2405,  1494
A,4764,  1495
A,7444,  1496
A,7467,  1497
A,4131,  1498
A,3578,  1499
A,1996,  1500
A,6524,  1501
A,2349,  1502
A,3499,  1503
A,7707,  1504
A,5797,  1505
A,4479,  1506
A,6375,  1507
A,1813,  1508
A,2483,  1509
A,4177,  1510
A,6812,  1511
A,7144,  1512
EM,1919,  1513
EM,1655,  1514
A,2976,  1515
EM,1863,  1516
A,6245,  1517
A,1394,  1518
A,7290,  1519
A,3844,  1520
EM,1787,  1521
EM,2075,  1522
A,4658,  1523
A,5467,  1524
A,4762,  1525
A,7469,  1526
A,1181,  1527
A,4977,  1528
A,5378,  1529
EM,1508,  1530
A,3157,  1531
A,5109,  1532
A,2864,  1533
EM,919,  1534
A,3564,  1535
A,580,  1536
A,6418,  1537
A,3303,  1538
A,3703,  1539
A,6896,  1540
A,7170,  1541
A,472,  1542
A,4075,  1543
A,5810,  1544
A,7554,  1545
A,1796,  1546
A,2790,  1547
A,5427,  1548
A,3885,  1549
A,3813,  1550
A,5951,  1551
A,6390,  1552
A,1347,  1553
EM,1011,  1554
EM,2093,  1555
A,1570,  1556
A,3327,  1557
A,6168,  1558
A,6587,  1559
A,3569,  1560
A,3176,  1561
A,5877,  1562
A,4548,  1563
A,7695,  1564
A,3992,  1565
A,2135,  1566
A,3195,  1567
A,7200,  1568
A,5537,  1569
A,5960,  1570
A,898,  1571
A,2606,  1572
EM,1873,  1573
EM,1335,  1574
A,7126,  1575
A,6519,  1576
A,4893,  1577
A,3308,  1578
A,2888,  1579
A,5135,  1580
A,7801,  1581
A,7286,  1582
A,1238,  1583
A,1743,  1584
EM,1163,  1585
A,4666,  1586
A,230,  1587
A,317,  1588
A,4766,  1589
A,3034,  1590
EM,126,  1591
A,6937,  1592
A,1006,  1593
A,6371,  1594
A,4173,  1595
A,6252,  1596
A,78,  1597
A,4757,  1598
A,4575,  1599
A,7418,  1600
A,6086,  1601
A,7377,  1602
A,7341,  1603
EM,375,  1604
A,6999,  1605
EM,1851,  1606
A,4849,  1607
EM,1321,  1608
A,6029,  1609
A,3329,  1610
A,4294,  1611
A,6151,  1612
A,6686,  1613
A,3860,  1614
A,4807,  1615
A,6639,  1616
A,2297,  1617
EM,1487,  1618
A,3647,  1619
A,6954,  1620
A,5593,  1621
EM,1374,  1622
A,2736,  1623
A,2634,  1624
A,3969,  1625
EM,1612,  1626
A,7387,  1627
EM,1882,  1628
A,4113,  1629
A,6561,  1630
A,4480,  1631
A,6170,  1632
EM,2246,  1633
EM,534,  1634
A,7533,  1635
A,1953,  1636
EM,1397,  1637
EM,1481,  1638
A,5674,  1639
EM,123,  1640
A,6844,  1641
EM,1723,  1642
A,6571,  1643
A,2706,  1644
A,6056,  1645
A,5300,  1646
EM,1304,  1647
A,3591,  1648
A,7323,  1649
A,6105,  1650
A,5388,  1651
A,1274,  1652
A,6939,  1653
A,3391,  1654
EM,1512,  1655
A,7716,  1656
A,1792,  1657
A,1774,  1658
A,4638,  1659
A,4839,  1660
A,4305,  1661
A,3836,  1662
A,2361,  1663
A,5413,  1664
A,7619,  1665
A,2730,  1666
A,4282,  1667
A,813,  1668
EM,1393,  1669
A,7503,  1670
A,4124,  1671
A,2746,  1672
A,5096,  1673
A,6968,  1674
A,2092,  1675
A,4996,  1676
A,6118,  1677
A,1893,  1678
A,1845,  1679
A,5731,  1680
A,3686,  1681
EM,449,  1682
A,5655,  1683
A,7671,  1684
EM,1806,  1685
EM,1801,  1686
EM,1747,  1687
A,5341,  1688
A,5460,  1689
EM,1286,  1690
A,3982,  1691
A,5172,  1692
A,7726,  1693
EM,2084,  1694
A,7017,  1695
A,3573,  1696
A,560,  1697
A,4312,  1698
A,7226,  1699
A,4488,  1700
A,7354,  1701
EM,1651,  1702
EM,1724,  1703
A,7570,  1704
A,7214,  1705
A,3685,  1706
A,6901,  1707
A,2486,  1708
EM,2012,  1709
EM,1146,  1710
EM,2101,  1711
A,3865,  1712
A,5232,  1713
A,6632,  1714
A,2658,  1715
A,6204,  1716
EM,1941,  1717
EM,1704,  1718
A,7056,  1719
A,2666,  1720
A,6604,  1721
A,3530,  1722
A,7306,  1723
A,2935,  1724
A,7792,  1725
A,3466,  1726
A,80,  1727
A,169,  1728
A,2758,  1729
EM,2021,  1730
EM,1320,  1731
A,7764,  1732
A,5421,  1733
A,5418,  1734
A,6720,  1735
EM,2169,  1736
A,3100,  1737
A,4741,  1738
A,6318,  1739
A,7786,  1740
A,6776,  1741
A,3971,  1742
EM,1297,  1743
A,7650,  1744
A,1055,  1745
A,2855,  1746
A,4634,  1747
A,7299,  1748
A,65,  1749
A,2494,  1750
A,7191,  1751
A,5477,  1752
A,4093,  1753
EM,1936,  1754
A,4932,  1755
A,4363,  1756
A,4711,  1757
A,4671,  1758
A,2489,  1759
A,4878,  1760
A,6523,  1761
EM,1076,  1762
EM,1776,  1763
EM,1646,  1764
EM,111,  1765
A,5762,  1766
EM,899,  1767
A,7015,  1768
A,6227,  1769
EM,448,  1770
A,4838,  1771
EM,912,  1772
EM,1955,  1773
EM,1822,  1774
EM,1857,  1775
EM,1931,  1776
A,6263,  1777
EM,1584,  1778
EM,594,  1779
EM,1477,  1780
EM,1708,  1781
EM,1989,  1782
EM,1071,  1783
EM,1773,  1784
EM,1162,  1785
A,804,  1786
A,6913,  1787
A,3970,  1788
A,6005,  1789
A,4373,  1790
A,1686,  1791
EM,1593,  1792
EM,1432,  1793
EM,905,  1794
A,2036,  1795
EM,1768,  1796
A,7189,  1797
A,7769,  1798
EM,2166,  1799
EM,1025,  1800
EM,75,  1801
EM,2199,  1802
EM,1065,  1803
EM,1777,  1804
EM,1849,  1805
EM,1823,  1806
EM,2231,  1807
EM,1778,  1808
EM,2010,  1809
EM,1537,  1810
EM,1178,  1811
EM,1634,  1812
EM,843,  1813
A,4226,  1814
A,1303,  1815
EM,1666,  1816
A,1142,  1817
EM,1510,  1818
EM,1173,  1819
EM,1482,  1820
EM,2196,  1821
EM,1741,  1822
EM,2242,  1823
EM,1744,  1824
EM,1959,  1825
EM,1506,  1826
EM,530,  1827
A,7364,  1828
A,1440,  1829
A,6677,  1830
EM,1417,  1831
EM,838,  1832
EM,1315,  1833
EM,1731,  1834
EM,1895,  1835
EM,656,  1836
EM,1386,  1837
EM,611,  1838
EM,19,  1839
EM,1399,  1840
EM,1371,  1841
EM,1396,  1842
EM,1769,  1843
EM,1841,  1844
EM,999,  1845
EM,1526,  1846
EM,1352,  1847
EM,911,  1848
EM,137,  1849
EM,658,  1850
EM,1848,  1851
EM,1739,  1852
A,7559,  1853
EM,2061,  1854
EM,2240,  1855
EM,1964,  1856
EM,1644,  1857
EM,1102,  1858
EM,1225,  1859
A,6525,  1860
A,6374,  1861
EM,171,  1862
EM,1771,  1863
A,7169,  1864
EM,2125,  1865
EM,2257,  1866
A,6590,  1867
A,6051,  1868
A,3269,  1869
A,4274,  1870
A,4753,  1871
A,6068,  1872
A,832,  1873
A,7657,  1874
A,6251,  1875
A,5934,  1876
A,5504,  1877
A,7741,  1878
A,6585,  1879
A,2578,  1880
A,4543,  1881
A,5631,  1882
A,6614,  1883
A,6472,  1884
EM,1889,  1885
A,7206,  1886
A,392,  1887
EM,842,  1888
A,7336,  1889
A,1271,  1890
A,2233,  1891
A,5134,  1892
EM,1082,  1893
A,3950,  1894
A,6936,  1895
EM,973,  1896
EM,1401,  1897
EM,1605,  1898
A,7450,  1899
A,5383,  1900
A,5093,  1901
A,4304,  1902
EM,539,  1903
A,6735,  1904
A,3945,  1905
EM,837,  1906
EM,661,  1907
A,3529,  1908
EM,2189,  1909
A,3388,  1910
A,5555,  1911
A,6842,  1912
EM,2186,  1913
EM,1318,  1914
EM,1568,  1915
EM,1631,  1916
A,3955,  1917
A,4239,  1918
A,7572,  1919
A,6531,  1920
A,4103,  1921
A,6254,  1922
EM,2237,  1923
A,5991,  1924
EM,1384,  1925
EM,1912,  1926
EM,1369,  1927
EM,1728,  1928
EM,1637,  1929
A,7484,  1930
A,7050,  1931
A,2583,  1932
A,7304,  1933
A,155,  1934
A,3784,  1935
A,4416,  1936
EM,1030,  1937
A,190,  1938
EM,1458,  1939
A,7618,  1940
A,6542,  1941
A,5039,  1942
A,1929,  1943
A,698,  1944
A,7392,  1945
A,4832,  1946
A,7616,  1947
EM,975,  1948
A,1608,  1949
A,6663,  1950
A,7077,  1951
A,2993,  1952
A,7105,  1953
A,6769,  1954
A,4681,  1955
A,857,  1956
A,3643,  1957
EM,1364,  1958
A,7351,  1959
A,5650,  1960
A,3166,  1961
A,5281,  1962
A,5177,  1963
A,2886,  1964
A,6860,  1965
EM,1500,  1966
EM,710,  1967
A,5942,  1968
A,5271,  1969
A,6497,  1970
EM,2201,  1971
EM,2149,  1972
EM,1648,  1973
A,7713,  1974
A,4291,  1975
A,6424,  1976
A,7313,  1977
A,7303,  1978
A,3886,  1979
A,5360,  1980
A,6169,  1981
A,2985,  1982
A,2009,  1983
A,610,  1984
A,1423,  1985
A,7476,  1986
A,7592,  1987
A,7712,  1988
A,3512,  1989
A,7524,  1990
A,1295,  1991
A,6529,  1992
A,6580,  1993
A,7638,  1994
A,6123,  1995
A,6007,  1996
A,5552,  1997
A,6876,  1998
A,4933,  1999
A,3889,  2000
A,3095,  2001
A,6156,  2002
A,4524,  2003
A,897,  2004
A,3786,  2005
A,6965,  2006
A,3509,  2007
A,7177,  2008
A,5395,  2009
A,416,  2010
A,7175,  2011
A,2853,  2012
A,4729,  2013
A,4188,  2014
A,7261,  2015
A,5651,  2016
A,4187,  2017
A,1543,  2018
A,5665,  2019
A,4627,  2020
A,869,  2021
EM,1434,  2022
A,4076,  2023
A,4407,  2024
A,3496,  2025
A,7681,  2026
A,6754,  2027
EM,1429,  2028
EM,1566,  2029
A,3359,  2030
A,6233,  2031
A,7265,  2032
A,7416,  2033
A,5325,  2034
A,1738,  2035
A,6974,  2036
A,4801,  2037
A,5200,  2038
A,4804,  2039
A,5394,  2040
A,524,  2041
A,6323,  2042
EM,1235,  2043
A,725,  2044
EM,2065,  2045
A,1541,  2046
A,4017,  2047
A,5567,  2048
EM,2029,  2049
A,521,  2050
A,4106,  2051
EM,1341,  2052
EM,1107,  2053
A,6774,  2054
A,7188,  2055
A,1526,  2056
EM,2162,  2057
A,5176,  2058
A,1363,  2059
EM,1314,  2060
EM,2236,  2061
A,6618,  2062
A,6085,  2063
A,7347,  2064
A,7558,  2065
A,7406,  2066
A,6157,  2067
A,3788,  2068
A,2671,  2069
A,5700,  2070
A,5724,  2071
A,4496,  2072
A,7778,  2073
A,7522,  2074
A,7631,  2075
A,3427,  2076
A,5659,  2077
A,2253,  2078
A,2527,  2079
A,6079,  2080
A,7237,  2081
A,3511,  2082
A,6853,  2083
A,3924,  2084
A,3145,  2085
A,6615,  2086
A,3437,  2087
A,4365,  2088
A,7758,  2089
A,4499,  2090
A,3206,  2091
A,4417,  2092
EM,1216,  2093
EM,1520,  2094
A,6933,  2095
A,5533,  2096
A,7584,  2097
A,1657,  2098
A,2534,  2099
A,7019,  2100
A,4595,  2101
A,7743,  2102
A,1904,  2103
A,5233,  2104
A,2026,  2105
EM,2241,  2106
A,2283,  2107
A,7548,  2108
A,773,  2109
EM,1998,  2110
EM,1770,  2111
EM,1573,  2112
EM,143,  2113
A,4791,  2114
EM,1499,  2115
EM,1287,  2116
A,6669,  2117
EM,1868,  2118
EM,93,  2119
A,6011,  2120
A,4929,  2121
A,6998,  2122
A,7732,  2123
A,4829,  2124
A,3566,  2125
A,6268,  2126
A,7674,  2127
A,2125,  2128
A,3980,  2129
A,6606,  2130
A,7750,  2131
A,4083,  2132
A,2248,  2133
A,1220,  2134
A,6176,  2135
A,3652,  2136
A,4727,  2137
A,3820,  2138
EM,1556,  2139
A,7795,  2140
A,7064,  2141
A,3773,  2142
A,4361,  2143
A,6714,  2144
EM,1779,  2145
EM,2188,  2146
A,7745,  2147
EM,2178,  2148
EM,2164,  2149
A,7579,  2150
A,7421,  2151
A,983,  2152
A,5038,  2153
A,5274,  2154
A,2098,  2155
A,7542,  2156
A,5982,  2157
A,4718,  2158
A,5686,  2159
A,4336,  2160
A,1840,  2161
A,2040,  2162
A,6350,  2163
A,7069,  2164
A,2821,  2165
EM,1469,  2166
EM,1680,  2167
EM,1827,  2168
EM,1703,  2169
A,5618,  2170
A,3164,  2171
A,4349,  2172
EM,1518,  2173
A,2511,  2174
A,7041,  2175
A,501,  2176
A,5964,  2177
A,1841,  2178
EM,2038,  2179
A,2462,  2180
A,4683,  2181
A,5811,  2182
A,2953,  2183
A,5575,  2184
A,3930,  2185
A,3851,  2186
A,7604,  2187
A,7272,  2188
A,3570,  2189
A,6958,  2190
A,4284,  2191
A,7090,  2192
A,7465,  2193
A,6789,  2194
EM,1503,  2195
A,4539,  2196
A,4413,  2197
A,6075,  2198
A,7096,  2199
A,5206,  2200
A,4374,  2201
A,1294,  2202
A,5587,  2203
A,6799,  2204
A,833,  2205
A,5062,  2206
A,6299,  2207
A,6702,  2208
A,5162,  2209
A,7580,  2210
A,2351,  2211
A,4014,  2212
A,7422,  2213
A,1578,  2214
A,7140,  2215
A,2670,  2216
A,6530,  2217
A,7402,  2218
A,3495,  2219
A,5738,  2220
EM,2181,  2221
A,533,  2222
A,6470,  2223
A,5329,  2224
A,4326,  2225
A,4445,  2226
A,5171,  2227
A,3023,  2228
A,3524,  2229
A,4410,  2230
A,2624,  2231
A,7018,  2232
A,6244,  2233
A,7654,  2234
A,3701,  2235
EM,1622,  2236
A,7125,  2237
A,2537,  2238
EM,831,  2239
A,2295,  2240
A,5284,  2241
EM,473,  2242
A,3543,  2243
A,5056,  2244
A,4602,  2245
A,3094,  2246
A,7692,  2247
A,6551,  2248
A,7477,  2249
A,7780,  2250
A,6835,  2251
A,3224,  2252
A,4639,  2253
A,6941,  2254
A,3481,  2255
A,2075,  2256
A,3782,  2257
A,4356,  2258
A,7213,  2259
A,5042,  2260
A,6775,  2261
A,7091,  2262
A,642,  2263
A,5684,  2264
A,1481,  2265
A,2485,  2266
A,7194,  2267
A,7034,  2268
A,3136,  2269
A,6921,  2270
EM,1489,  2271
A,4547,  2272
A,6825,  2273
A,2305,  2274
A,5244,  2275
A,3451,  2276
A,5297,  2277
A,267,  2278
A,1370,  2279
EM,423,  2280
A,4209,  2281
A,7274,  2282
A,7446,  2283
EM,381,  2284
A,5895,  2285
A,5498,  2286
A,1688,  2287
A,3467,  2288
A,7127,  2289
A,6535,  2290
A,6557,  2291
EM,1755,  2292
A,3725,  2293
A,5489,  2294
A,5238,  2295
A,4733,  2296
A,7547,  2297
A,7677,  2298
A,6622,  2299
A,7271,  2300
A,6981,  2301
A,7035,  2302
A,3180,  2303
EM,1468,  2304
A,7106,  2305
A,6815,  2306
A,7145,  2307
A,7694,  2308
A,1012,  2309
A,6626,  2310
EM,1826,  2311
A,6116,  2312
A,4848,  2313
A,5491,  2314
A,7199,  2315
A,7670,  2316
A,5776,  2317
A,2414,  2318
A,7348,  2319
A,7723,  2320
A,2990,  2321
A,4072,  2322
EM,2210,  2323
A,6625,  2324
A,3457,  2325
A,3547,  2326
EM,1585,  2327
A,4802,  2328
A,4825,  2329
A,5018,  2330
EM,722,  2331
A,1998,  2332
A,3988,  2333
A,5912,  2334
A,6462,  2335
A,1085,  2336
EM,1983,  2337
EM,2171,  2338
EM,1278,  2339
EM,1856,  2340
EM,1734,  2341
EM,1854,  2342
A,7714,  2343
A,7326,  2344
A,7349,  2345
EM,1215,  2346
A,3589,  2347
A,7396,  2348
A,7691,  2349
A,5528,  2350
A,6973,  2351
EM,1925,  2352
A,1046,  2353
A,3506,  2354
A,6609,  2355
A,1571,  2356
EM,1581,  2357
A,1443,  2358
A,7555,  2359
A,3103,  2360
A,3071,  2361
A,4515,  2362
EM,1553,  2363
A,5564,  2364
A,3302,  2365
A,5894,  2366
A,5531,  2367
A,6597,  2368
A,2644,  2369
A,7656,  2370
A,877,  2371
A,4675,  2372
A,6033,  2373
A,1448,  2374
EM,2266,  2375
EM,1179,  2376
A,862,  2377
A,1827,  2378
A,1352,  2379
A,4419,  2380
A,6459,  2381
A,2792,  2382
A,2832,  2383
A,1598,  2384
A,3744,  2385
A,7153,  2386
EM,1044,  2387
A,1580,  2388
A,4962,  2389
A,6468,  2390
A,6177,  2391
EM,1425,  2392
A,5506,  2393
A,7163,  2394
A,6610,  2395
A,6266,  2396
A,7608,  2397
A,6265,  2398
A,4584,  2399
A,2397,  2400
A,454,  2401
A,1308,  2402
A,6671,  2403
A,7197,  2404
A,6695,  2405
EM,470,  2406
A,1186,  2407
EM,1730,  2408
A,2256,  2409
A,5450,  2410
A,2314,  2411
A,6661,  2412
A,5679,  2413
A,922,  2414
EM,1582,  2415
A,668,  2416
A,6603,  2417
A,4472,  2418
A,800,  2419
EM,1378,  2420
A,6926,  2421
A,6414,  2422
A,821,  2423
A,4096,  2424
A,2837,  2425
A,5499,  2426
EM,1145,  2427
A,6354,  2428
EM,1493,  2429
A,289,  2430
A,6964,  2431
A,6410,  2432
A,4202,  2433
A,5190,  2434
A,5373,  2435
A,4232,  2436
A,6949,  2437
A,2617,  2438
A,3503,  2439
A,2573,  2440
A,1292,  2441
A,5526,  2442
A,5833,  2443
A,5040,  2444
A,6549,  2445
A,4237,  2446
A,1305,  2447
A,6659,  2448
A,834,  2449
A,2655,  2450
A,3910,  2451
A,5371,  2452
A,975,  2453
A,4706,  2454
A,5588,  2455
A,4987,  2456
A,6363,  2457
A,62,  2458
A,4703,  2459
A,7704,  2460
A,5110,  2461
A,2726,  2462
A,2390,  2463
A,3776,  2464
A,1112,  2465
A,6088,  2466
A,5353,  2467
A,7733,  2468
A,4523,  2469
A,2470,  2470
A,5641,  2471
A,5647,  2472
A,5566,  2473
A,7375,  2474
A,6144,  2475
EM,1285,  2476
A,6180,  2477
A,2095,  2478
A,5385,  2479
A,2402,  2480
A,7379,  2481
A,6969,  2482
A,4471,  2483
A,4867,  2484
A,3823,  2485
A,4930,  2486
A,5293,  2487
A,2698,  2488
A,2326,  2489
A,4749,  2490
A,6419,  2491
A,4087,  2492
A,5799,  2493
A,1025,  2494
A,5185,  2495
A,4474,  2496
A,3973,  2497
A,4698,  2498
A,470,  2499
A,4385,  2500
A,5357,  2501
A,5416,  2502
A,5016,  2503
A,5084,  2504
A,5363,  2505
A,7192,  2506
A,7412,  2507
A,5156,  2508
A,4748,  2509
A,7173,  2510
A,120,  2511
A,3762,  2512
A,7038,  2513
A,3554,  2514
A,3839,  2515
A,3032,  2516
A,3385,  2517
A,5029,  2518
EM,1834,  2519
A,7648,  2520
EM,1795,  2521
A,4452,  2522
A,5802,  2523
A,2448,  2524
EM,1675,  2525
A,6160,  2526
A,6929,  2527
EM,1517,  2528
A,2901,  2529
A,7268,  2530
EM,2020,  2531
A,3344,  2532
A,3584,  2533
A,7451,  2534
A,5865,  2535
A,6666,  2536
A,7204,  2537
A,3735,  2538
EM,2019,  2539
A,761,  2540
EM,1495,  2541
A,2207,  2542
A,5770,  2543
A,7372,  2544
A,2226,  2545
A,5471,  2546
A,1277,  2547
A,5331,  2548
A,6778,  2549
A,6253,  2550
EM,1930,  2551
A,6680,  2552
A,6972,  2553
A,4297,  2554
A,7308,  2555
A,3237,  2556
A,2530,  2557
EM,5412,  2558
A,6540,  2559
A,2196,  2560
A,1335,  2561
A,7510,  2562
EM,493,  2563
A,4145,  2564
A,4531,  2565
A,7215,  2566
A,3790,  2567
A,6171,  2568
A,3258,  2569
A,7686,  2570
A,4648,  2571
A,863,  2572
A,4278,  2573
A,6317,  2574
A,7068,  2575
A,2380,  2576
A,4324,  2577
A,492,  2578
A,6071,  2579
A,2902,  2580
EM,1966,  2581
A,7731,  2582
A,493,  2583
A,6977,  2584
A,6723,  2585
A,7528,  2586
A,7240,  2587
A,97,  2588
A,2460,  2589
A,3087,  2590
A,5345,  2591
A,5889,  2592
EM,1196,  2593
A,1317,  2594
A,6966,  2595
A,6942,  2596
A,6174,  2597
A,6852,  2598
A,6664,  2599
A,2645,  2600
A,5733,  2601
EM,443,  2602
EM,930,  2603
A,7454,  2604
A,7717,  2605
A,4190,  2606
A,7325,  2607
A,4108,  2608
A,6749,  2609
A,731,  2610
A,1180,  2611
A,5646,  2612
A,817,  2613
A,3947,  2614
A,5512,  2615
A,7794,  2616
A,7617,  2617
A,1061,  2618
A,5535,  2619
EM,1881,  2620
EM,2085,  2621
EM,2027,  2622
A,4457,  2623
A,7718,  2624
A,2235,  2625
A,7679,  2626
A,4286,  2627
A,3895,  2628
A,6340,  2629
A,5064,  2630
A,3833,  2631
EM,2120,  2632
A,811,  2633
EM,1488,  2634
A,6217,  2635
A,5948,  2636
EM,1665,  2637
A,6394,  2638
EM,1977,  2639
A,7591,  2640
A,7612,  2641
A,4484,  2642
A,7685,  2643
A,1610,  2644
A,2170,  2645
A,6978,  2646
A,1044,  2647
A,4328,  2648
A,6143,  2649
A,4144,  2650
A,7607,  2651
A,6961,  2652
A,350,  2653
A,7142,  2654
A,587,  2655
A,7101,  2656
A,6023,  2657
A,548,  2658
A,2220,  2659
EM,2262,  2660
A,3064,  2661
EM,454,  2662
A,5914,  2663
A,3128,  2664
A,3406,  2665
A,3097,  2666
EM,2000,  2667
EM,788,  2668
EM,1956,  2669
EM,2082,  2670
EM,1326,  2671
EM,1937,  2672
EM,2138,  2673
EM,1659,  2674
EM,1478,  2675
EM,2232,  2676
A,4146,  2677
A,4360,  2678
A,2649,  2679
EM,2140,  2680
EM,1111,  2681
A,6708,  2682
EM,1494,  2683
A,6995,  2684
A,657,  2685
A,3975,  2686
A,7187,  2687
A,4238,  2688
A,3233,  2689
A,55,  2690
A,4018,  2691
EM,1765,  2692
EM,1981,  2693
A,7388,  2694
EM,2026,  2695
EM,1016,  2696
A,5412,  2697
EM,2247,  2698
EM,1464,  2699
A,5022,  2700
A,6752,  2701
A,7234,  2702
A,3572,  2703
A,2435,  2704
A,7571,  2705
A,3702,  2706
A,6847,  2707
A,1821,  2708
A,7680,  2709
EM,1988,  2710
EM,2069,  2711
EM,2112,  2712
EM,1183,  2713
EM,1476,  2714
A,7134,  2715
A,5208,  2716
A,4609,  2717
EM,1168,  2718
A,6885,  2719
A,7082,  2720
A,3943,  2721
A,6934,  2722
A,1119,  2723
A,4134,  2724
A,6894,  2725
A,3902,  2726
EM,2269,  2727
A,4617,  2728
A,1152,  2729
EM,1047,  2730
EM,2111,  2731
EM,1641,  2732
EM,1979,  2733
EM,1577,  2734
EM,1909,  2735
A,3167,  2736
EM,1885,  2737
A,3651,  2738
A,3792,  2739
EM,1442,  2740
EM,1555,  2741
EM,1,  2742
EM,1355,  2743
EM,1579,  2744
EM,1483,  2745
EM,767,  2746
A,340,  2747
A,6165,  2748
EM,2109,  2749
EM,1674,  2750
EM,1237,  2751
EM,1359,  2752
EM,961,  2753
EM,923,  2754
EM,1949,  2755
EM,2132,  2756
EM,1402,  2757
EM,1716,  2758
EM,1415,  2759
EM,2168,  2760
EM,1818,  2761
EM,1922,  2762
EM,2092,  2763
EM,446,  2764
EM,542,  2765
EM,1757,  2766
EM,2250,  2767
EM,2142,  2768
A,6908,  2769
A,3838,  2770
A,1063,  2771
EM,2134,  2772
EM,2238,  2773
EM,1416,  2774
EM,1472,  2775
EM,2080,  2776
EM,1156,  2777
EM,2131,  2778
EM,2121,  2779
EM,2135,  2780
EM,2033,  2781
EM,1788,  2782
EM,1446,  2783
EM,1342,  2784
EM,1143,  2785
EM,1928,  2786
EM,2094,  2787
EM,971,  2788
EM,1828,  2789
EM,1689,  2790
EM,2244,  2791
EM,2216,  2792
EM,625,  2793
EM,2091,  2794
EM,1899,  2795
EM,1400,  2796
EM,1567,  2797
EM,1712,  2798
EM,2057,  2799
EM,1368,  2800
EM,2063,  2801
EM,1607,  2802
EM,1853,  2803
EM,2096,  2804
EM,1729,  2805
EM,916,  2806
A,2741,  2807
A,36,  2808
EM,1780,  2809
EM,1859,  2810
EM,1636,  2811
EM,1272,  2812
EM,1099,  2813
EM,1604,  2814
EM,1947,  2815
EM,1996,  2816
EM,2043,  2817
A,5342,  2818
A,6875,  2819
A,2323,  2820
EM,2200,  2821
A,6834,  2822
A,2607,  2823
A,7734,  2824
A,7120,  2825
EM,1329,  2826
EM,2197,  2827
A,7507,  2828
A,2213,  2829
EM,2217,  2830
A,3038,  2831
EM,1395,  2832
EM,1662,  2833
A,3791,  2834
EM,804,  2835
EM,1913,  2836
A,2618,  2837
A,840,  2838
EM,1987,  2839
EM,925,  2840
EM,1334,  2841
EM,1821,  2842
EM,1691,  2843
EM,1670,  2844
EM,1597,  2845
EM,17,  2846
EM,2208,  2847
EM,2205,  2848
EM,1761,  2849
EM,1767,  2850
A,2495,  2851
A,7464,  2852
A,5723,  2853
EM,1391,  2854
A,2833,  2855
A,1873,  2856
A,1372,  2857
A,540,  2858
A,1504,  2859
A,297,  2860
A,3863,  2861
A,5896,  2862
A,218,  2863
A,5147,  2864
A,7,  2865
A,7697,  2866
A,705,  2867
A,7420,  2868
A,6848,  2869
A,5398,  2870
A,7103,  2871
A,7046,  2872
A,7076,  2873
A,3687,  2874
EM,2256,  2875
A,1836,  2876
A,2516,  2877
A,4500,  2878
A,7079,  2879
A,5069,  2880
A,7270,  2881
A,4745,  2882
EM,2258,  2883
A,6536,  2884
A,1366,  2885
A,5439,  2886
A,4253,  2887
A,6147,  2888
EM,1294,  2889
EM,1306,  2890
EM,1975,  2891
EM,1796,  2892
EM,66,  2893
EM,1122,  2894
EM,841,  2895
EM,2045,  2896
EM,2059,  2897
EM,1962,  2898
EM,1693,  2899
EM,1319,  2900
EM,1861,  2901
EM,655,  2902
EM,2032,  2903
EM,1840,  2904
EM,2233,  2905
EM,2251,  2906
A,2111,  2907
EM,1106,  2908
EM,1424,  2909
EM,1877,  2910
A,5201,  2911
A,2436,  2912
A,1554,  2913
A,7710,  2914
A,5705,  2915
A,595,  2916
A,4934,  2917
A,5164,  2918
A,2399,  2919
A,4189,  2920
A,5661,  2921
A,7640,  2922
EM,2226,  2923
EM,1997,  2924
EM,2220,  2925
A,2424,  2926
A,1804,  2927
A,368,  2928
EM,2123,  2929
EM,1718,  2930
EM,1663,  2931
A,4443,  2932
A,2202,  2933
A,6728,  2934
A,1199,  2935
A,3017,  2936
EM,1972,  2937
A,3400,  2938
A,5132,  2939
EM,1436,  2940
A,7367,  2941
A,3634,  2942
A,7439,  2943
EM,409,  2944
A,7596,  2945
A,4486,  2946
A,792,  2947
A,2222,  2948
A,3131,  2949
EM,2090,  2950
A,2255,  2951
A,7123,  2952
A,6579,  2953
A,2426,  2954
EM,1069,  2955
EM,307,  2956
EM,1390,  2957
EM,492,  2958
A,5261,  2959
A,7667,  2960
A,5756,  2961
A,7345,  2962
A,7525,  2963
A,509,  2964
A,4732,  2965
A,5769,  2966
A,3808,  2967
EM,1538,  2968
A,5457,  2969
A,4478,  2970
A,5043,  2971
EM,1012,  2972
A,4147,  2973
A,4819,  2974
EM,1221,  2975
EM,1569,  2976
A,6185,  2977
A,5473,  2978
EM,5417,  2979
A,4345,  2980
A,4346,  2981
A,7471,  2982
A,7776,  2983
A,3605,  2984
A,6209,  2985
A,7655,  2986
EM,924,  2987
A,4184,  2988
EM,1141,  2989
A,2868,  2990
A,4112,  2991
A,4280,  2992
A,6846,  2993
A,7311,  2994
A,4546,  2995
A,4375,  2996
A,688,  2997
A,3933,  2998
A,4715,  2999
A,2922,  3000
A,7652,  3001
A,4289,  3002
A,7229,  3003
A,2289,  3004
EM,1273,  3005
A,3942,  3006
A,3208,  3007
A,5436,  3008
A,2688,  3009
EM,1137,  3010
A,2735,  3011
A,6320,  3012
A,1905,  3013
A,1611,  3014
EM,1596,  3015
A,2774,  3016
A,7602,  3017
EM,1465,  3018
A,5993,  3019
A,4641,  3020
A,4920,  3021
A,3060,  3022
A,7529,  3023
EM,2064,  3024
A,6855,  3025
A,768,  3026
A,6904,  3027
A,5682,  3028
A,2333,  3029
A,3876,  3030
A,5178,  3031
A,375,  3032
EM,258,  3033
A,1945,  3034
EM,802,  3035
A,6159,  3036
A,6651,  3037
A,4317,  3038
A,7324,  3039
A,7181,  3040
EM,2129,  3041
A,5549,  3042
A,4198,  3043
A,4667,  3044
A,3931,  3045
A,4448,  3046
A,6877,  3047
A,7668,  3048
A,1205,  3049
A,3592,  3050
EM,1531,  3051
A,4544,  3052
EM,1978,  3053
A,6522,  3054
A,4876,  3055
A,5919,  3056
A,7472,  3057
A,6013,  3058
A,5322,  3059
EM,1790,  3060
A,5063,  3061
EM,1817,  3062
A,1609,  3063
EM,1530,  3064
EM,64,  3065
A,1752,  3066
A,4473,  3067
A,3872,  3068
A,7280,  3069
A,2652,  3070
A,6315,  3071
A,7186,  3072
A,1955,  3073
A,7252,  3074
A,4437,  3075
EM,1939,  3076
EM,615,  3077
A,4204,  3078
A,4712,  3079
A,7363,  3080
EM,2074,  3081
A,5159,  3082
EM,1331,  3083
A,2801,  3084
A,2526,  3085
A,1667,  3086
A,946,  3087
A,4049,  3088
A,1395,  3089
A,70,  3090
A,5478,  3091
A,7763,  3092
A,7532,  3093
A,2512,  3094
A,5249,  3095
A,1434,  3096
A,5468,  3097
A,7221,  3098
EM,1872,  3099
EM,1645,  3100
A,2612,  3101
EM,2154,  3102
A,2221,  3103
A,2234,  3104
A,7590,  3105
A,7603,  3106
A,5423,  3107
A,7485,  3108
A,7473,  3109
A,2796,  3110
A,6594,  3111
A,6646,  3112
A,6984,  3113
A,3555,  3114
A,5926,  3115
A,6207,  3116
A,3710,  3117
A,7183,  3118
A,6903,  3119
A,5634,  3120
A,7331,  3121
A,6548,  3122
A,7179,  3123
A,4830,  3124
A,4961,  3125
A,693,  3126
A,5275,  3127
A,4856,  3128
A,5007,  3129
A,6867,  3130
EM,2263,  3131
A,5541,  3132
A,1373,  3133
A,6731,  3134
A,6058,  3135
A,5228,  3136
EM,1552,  3137
EM,2102,  3138
A,6719,  3139
A,6313,  3140
A,7544,  3141
A,1300,  3142
A,5286,  3143
A,1651,  3144
A,3700,  3145
A,7447,  3146
A,6785,  3147
A,3765,  3148
A,4680,  3149
A,3389,  3150
A,4122,  3151
A,4982,  3152
A,6832,  3153
A,7158,  3154
A,3811,  3155
A,5237,  3156
A,6602,  3157
A,7062,  3158
A,7122,  3159
A,6944,  3160
A,4532,  3161
A,1817,  3162
A,6181,  3163
EM,1380,  3164
A,7688,  3165
A,3751,  3166
A,2506,  3167
EM,1419,  3168
EM,2107,  3169
EM,1428,  3170
EM,2160,  3171
EM,2174,  3172
A,7337,  3173
A,4115,  3174
A,4114,  3175
EM,1327,  3176
EM,1719,  3177
EM,639,  3178
A,7623,  3179
A,7184,  3180
A,4513,  3181
A,3896,  3182
A,3321,  3183
A,5551,  3184
A,2600,  3185
A,3869,  3186
A,3871,  3187
A,7659,  3188
A,5115,  3189
EM,1551,  3190
EM,1929,  3191
EM,2136,  3192
EM,1904,  3193
A,4904,  3194
A,2732,  3195
A,233,  3196
EM,1876,  3197
A,5997,  3198
A,4469,  3199
A,3585,  3200
A,3586,  3201
A,3507,  3202
A,2032,  3203
A,1002,  3204
A,7128,  3205
A,1113,  3206
A,2164,  3207
A,6043,  3208
A,6963,  3209
A,3705,  3210
A,7317,  3211
A,2584,  3212
A,7621,  3213
A,7430,  3214
EM,1601,  3215
A,5809,  3216
A,6250,  3217
A,2306,  3218
A,639,  3219
A,2467,  3220
A,6764,  3221
A,5839,  3222
A,5108,  3223
A,2881,  3224
EM,1713,  3225
A,3281,  3226
A,228,  3227
A,2731,  3228
A,6575,  3229
A,3985,  3230
A,4653,  3231
EM,806,  3232
A,2556,  3233
A,1520,  3234
A,381,  3235
A,5835,  3236
A,6591,  3237
A,3741,  3238
A,4880,  3239
A,3336,  3240
EM,1682,  3241
EM,2110,  3242
EM,2040,  3243
EM,1725,  3244
EM,1742,  3245
A,4111,  3246
A,3222,  3247
A,7137,  3248
A,6357,  3249
A,4119,  3250
A,3983,  3251
A,2445,  3252
A,5933,  3253
A,7013,  3254
A,5220,  3255
EM,941,  3256
A,7386,  3257
A,4418,  3258
A,5938,  3259
A,5742,  3260
A,5976,  3261
A,6856,  3262
A,7172,  3263
A,1249,  3264
A,4899,  3265
A,4157,  3266
A,3633,  3267
A,7517,  3268
A,7340,  3269
A,3862,  3270
A,795,  3271
A,5203,  3272
A,2091,  3273
A,7653,  3274
EM,1760,  3275
A,3731,  3276
A,3267,  3277
A,7141,  3278
A,6433,  3279
A,6831,  3280
A,7114,  3281
EM,1699,  3282
A,6550,  3283
A,7333,  3284
A,4152,  3285
EM,1455,  3286
A,6482,  3287
A,6183,  3288
A,5580,  3289
EM,1762,  3290
EM,1403,  3291
A,5627,  3292
A,5374,  3293
A,749,  3294
A,1511,  3295
A,3987,  3296
EM,1529,  3297
A,4222,  3298
A,1636,  3299
A,7770,  3300
A,6464,  3301
EM,2048,  3302
A,4402,  3303
A,6490,  3304
A,7595,  3305
A,6667,  3306
EM,354,  3307
A,7689,  3308
A,743,  3309
A,6988,  3310
A,5072,  3311
A,2786,  3312
A,9,  3313
A,2385,  3314
A,7032,  3315
A,5572,  3316
A,2509,  3317
A,7700,  3318
EM,2161,  3319
A,4175,  3320
A,7065,  3321
A,638,  3322
A,3614,  3323
A,4422,  3324
EM,261,  3325
A,5349,  3326
A,6388,  3327
A,6696,  3328
A,7357,  3329
A,2585,  3330
A,7148,  3331
A,2147,  3332
A,3179,  3333
EM,1548,  3334
A,6212,  3335
A,5559,  3336
A,5432,  3337
A,5204,  3338
A,3417,  3339
EM,2248,  3340
A,561,  3341
A,7740,  3342
EM,2097,  3343
A,7212,  3344
A,5333,  3345
A,7649,  3346
EM,259,  3347
A,4265,  3348
A,2428,  3349
A,4536,  3350
A,5327,  3351
A,3373,  3352
A,4185,  3353
A,5222,  3354
A,829,  3355
A,6581,  3356
A,2802,  3357
A,3695,  3358
A,4176,  3359
A,7537,  3360
A,7748,  3361
A,7518,  3362
A,7666,  3363
A,6576,  3364
A,5205,  3365
A,5978,  3366
A,4301,  3367
A,4841,  3368
A,5348,  3369
A,4710,  3370
A,2513,  3371
A,7072,  3372
A,3430,  3373
A,2722,  3374
A,5515,  3375
A,4303,  3376
A,5382,  3377
A,5214,  3378
A,4451,  3379
A,6001,  3380
A,1725,  3381
A,6945,  3382
A,7176,  3383
A,6002,  3384
A,5502,  3385
A,6213,  3386
A,5758,  3387
A,2201,  3388
A,6115,  3389
A,6619,  3390
A,7397,  3391
A,5601,  3392
A,5326,  3393
EM,1837,  3394
A,2824,  3395
A,7369,  3396
A,4812,  3397
A,2163,  3398
A,6596,  3399
A,5884,  3400
A,6246,  3401
A,7738,  3402
A,4011,  3403
A,7453,  3404
A,6049,  3405
A,510,  3406
A,6008,  3407
A,6931,  3408
A,6552,  3409
A,4569,  3410
A,7343,  3411
A,4917,  3412
A,5780,  3413
A,4896,  3414
A,6600,  3415
A,4334,  3416
A,4898,  3417
A,7159,  3418
A,5008,  3419
A,5908,  3420
A,4937,  3421
EM,2119,  3422
EM,2008,  3423
A,825,  3424
A,4263,  3425
A,6238,  3426
A,597,  3427
A,6480,  3428
A,4923,  3429
EM,2116,  3430
A,7182,  3431
A,1408,  3432
A,4256,  3433
A,3668,  3434
A,5127,  3435
A,6206,  3436
A,7248,  3437
A,5611,  3438
A,6279,  3439
A,7355,  3440
A,3737,  3441
EM,967,  3442
A,7081,  3443
A,6718,  3444
A,1623,  3445
A,6073,  3446
EM,2044,  3447
A,7110,  3448
A,448,  3449
A,1351,  3450
A,716,  3451
A,7294,  3452
A,6823,  3453
A,3484,  3454
EM,59,  3455
A,6747,  3456
A,4537,  3457
EM,1187,  3458
A,5445,  3459
EM,1385,  3460
A,6184,  3461
A,7730,  3462
A,6801,  3463
A,7410,  3464
A,1019,  3465
A,4139,  3466
A,891,  3467
A,2411,  3468
A,2315,  3469
A,4798,  3470
A,7512,  3471
A,733,  3472
A,7029,  3473
A,6962,  3474
A,7492,  3475
A,7425,  3476
A,3783,  3477
A,7042,  3478
A,4048,  3479
EM,1486,  3480
A,2775,  3481
A,3335,  3482
A,3756,  3483
EM,474,  3484
A,3806,  3485
A,2337,  3486
A,5751,  3487
EM,2117,  3488
A,6971,  3489
EM,1414,  3490
A,924,  3491
A,95,  3492
A,4355,  3493
EM,1480,  3494
A,1261,  3495
A,2856,  3496
A,5956,  3497
EM,1236,  3498
A,6710,  3499
A,4611,  3500
A,4281,  3501
A,3837,  3502
A,3171,  3503
A,7536,  3504
A,1591,  3505
A,4869,  3506
EM,1658,  3507
EM,2087,  3508
A,780,  3509
A,3535,  3510
A,6307,  3511
A,4901,  3512
A,7000,  3513
A,4181,  3514
A,4806,  3515
A,5013,  3516
A,1707,  3517
A,2552,  3518
A,6858,  3519
A,6841,  3520
A,663,  3521
A,7390,  3522
A,7104,  3523
A,6890,  3524
EM,1700,  3525
A,6408,  3526
EM,336,  3527
A,5304,  3528
A,6473,  3529
A,685,  3530
A,2737,  3531
A,2228,  3532
A,5828,  3533
EM,2126,  3534
EM,1365,  3535
A,5480,  3536
EM,1418,  3537
A,2947,  3538
A,6865,  3539
A,7803,  3540
A,6925,  3541
A,4163,  3542
A,2132,  3543
A,1218,  3544
EM,1096,  3545
A,1379,  3546
A,1655,  3547
A,6771,  3548
A,3815,  3549
EM,1405,  3550
A,6018,  3551
A,4661,  3552
A,1914,  3553
A,6063,  3554
EM,1656,  3555
A,3671,  3556
EM,1350,  3557
A,4969,  3558
A,6044,  3559
EM,1618,  3560
A,5905,  3561
A,5169,  3562
A,6321,  3563
A,7209,  3564
A,5753,  3565
A,3384,  3566
A,3858,  3567
A,4042,  3568
A,1361,  3569
A,3952,  3570
EM,2193,  3571
EM,998,  3572
EM,1133,  3573
A,7178,  3574
A,5484,  3575
A,2250,  3576
A,4552,  3577
A,5003,  3578
A,4487,  3579
A,573,  3580
EM,1504,  3581
A,4922,  3582
A,7797,  3583
EM,2170,  3584
A,5165,  3585
A,5035,  3586
A,4689,  3587
A,1503,  3588
A,7564,  3589
A,6447,  3590
A,5025,  3591
A,1114,  3592
A,4492,  3593
A,498,  3594
A,2449,  3595
A,5451,  3596
A,849,  3597
A,3215,  3598
A,2386,  3599
A,4623,  3600
A,2161,  3601
EM,1509,  3602
A,3777,  3603
A,216,  3604
A,5718,  3605
A,6242,  3606
A,4002,  3607
A,4520,  3608
A,2128,  3609
A,5406,  3610
A,5032,  3611
A,647,  3612
A,7624,  3613
A,2115,  3614
A,4192,  3615
A,4302,  3616
A,3583,  3617
A,5472,  3618
A,3928,  3619
A,4967,  3620
A,5513,  3621
A,5547,  3622
A,4530,  3623
A,3147,  3624
A,193,  3625
A,7256,  3626
A,4504,  3627
A,3241,  3628
A,1239,  3629
A,7047,  3630
A,7374,  3631
A,5589,  3632
A,4919,  3633
A,2850,  3634
EM,2088,  3635
A,401,  3636
A,4567,  3637
A,3338,  3638
A,5600,  3639
A,4277,  3640
A,3630,  3641
EM,813,  3642
A,4601,  3643
A,6662,  3644
A,2927,  3645
A,1763,  3646
A,2669,  3647
A,785,  3648
A,7767,  3649
A,6135,  3650
A,5771,  3651
A,3173,  3652
A,1157,  3653
EM,1108,  3654
EM,1373,  3655
EM,986,  3656
A,5532,  3657
A,7061,  3658
A,5866,  3659
A,1560,  3660
A,4725,  3661
EM,2009,  3662
A,2813,  3663
A,6970,  3664
A,2685,  3665
EM,1214,  3666
A,5974,  3667
A,6009,  3668
A,6725,  3669
A,5574,  3670
A,5009,  3671
A,4166,  3672
A,5639,  3673
A,3752,  3674
A,1191,  3675
A,3875,  3676
A,7551,  3677
A,5328,  3678
A,7599,  3679
A,5666,  3680
A,7404,  3681
A,6736,  3682
A,2437,  3683
A,6787,  3684
A,146,  3685
A,6800,  3686
A,7201,  3687
A,5979,  3688
A,7804,  3689
A,5372,  3690
A,6361,  3691
A,4637,  3692
A,5967,  3693
A,3576,  3694
A,7130,  3695
A,5230,  3696
A,4983,  3697
A,4217,  3698
A,6040,  3699
A,7515,  3700
A,4200,  3701
A,1137,  3702
EM,1180,  3703
A,2327,  3704
EM,165,  3705
EM,1379,  3706
A,5813,  3707
A,4063,  3708
A,1388,  3709
A,1497,  3710
A,5399,  3711
A,4236,  3712
A,3938,  3713
A,7109,  3714
A,5576,  3715
A,7514,  3716
A,7766,  3717
A,694,  3718
EM,2028,  3719
A,2565,  3720
EM,1443,  3721
EM,1632,  3722
EM,1891,  3723
EM,1661,  3724
A,6994,  3725
A,5302,  3726
EM,1927,  3727
A,7560,  3728
A,3709,  3729
A,513,  3730
EM,865,  3731
A,5346,  3732
A,4126,  3733
A,4255,  3734
A,2150,  3735
A,6267,  3736
A,926,  3737
A,6061,  3738
EM,2077,  3739
A,7779,  3740
A,4751,  3741
A,1425,  3742
EM,1491,  3743
A,5055,  3744
A,5081,  3745
EM,1639,  3746
A,6794,  3747
A,5796,  3748
A,7165,  3749
A,1,  3750
A,6038,  3751
A,1536,  3752
A,7788,  3753
A,7102,  3754
A,3821,  3755
EM,8039,  3756
EM,2106,  3757
A,7338,  3758
A,4694,  3759
A,1467,  3760
A,4034,  3761
A,6959,  3762
A,5804,  3763
A,5747,  3764
A,6117,  3765
A,4045,  3766
EM,2187,  3767
EM,1766,  3768
A,7793,  3769
A,7610,  3770
EM,1457,  3771
EM,2039,  3772
A,7487,  3773
A,655,  3774
A,7051,  3775
A,5309,  3776
A,2797,  3777
A,1407,  3778
A,6808,  3779
A,5137,  3780
A,3516,  3781
A,5890,  3782
EM,2144,  3783
EM,1497,  3784
EM,1753,  3785
EM,1372,  3786
A,3424,  3787
EM,1745,  3788
A,4037,  3789
A,4631,  3790
A,4080,  3791
A,6389,  3792
A,786,  3793
A,6484,  3794
EM,1772,  3795
EM,849,  3796
A,7511,  3797
A,695,  3798
A,5904,  3799
EM,1924,  3800
A,826,  3801
A,7147,  3802
A,6804,  3803
A,396,  3804
A,2006,  3805
A,686,  3806
EM,607,  3807
A,4262,  3808
A,896,  3809
A,3981,  3810
A,3433,  3811
A,4090,  3812
EM,1967,  3813
EM,1346,  3814
EM,1754,  3815
A,6486,  3816
A,6989,  3817
A,5536,  3818
EM,2203,  3819
A,7030,  3820
A,3161,  3821
A,5697,  3822
A,5231,  3823
A,5693,  3824
A,5752,  3825
A,6387,  3826
A,591,  3827
EM,2253,  3828
A,1900,  3829
EM,1599,  3830
A,7568,  3831
EM,1340,  3832
EM,1344,  3833
A,5245,  3834
A,4818,  3835
A,5519,  3836
EM,1609,  3837
A,4025,  3838
A,6918,  3839
EM,1781,  3840
A,5577,  3841
A,4254,  3842
EM,2184,  3843
EM,1591,  3844
A,6386,  3845
A,7380,  3846
A,7021,  3847
A,4669,  3848
A,3294,  3849
A,3429,  3850
EM,1302,  3851
EM,1536,  3852
A,7513,  3853
A,7530,  3854
EM,2016,  3855
A,836,  3856
A,4442,  3857
EM,1908,  3858
EM,2224,  3859
A,7600,  3860
A,3141,  3861
A,7759,  3862
EM,1667,  3863
A,839,  3864
A,44,  3865
EM,1522,  3866
EM,1524,  3867
EM,2133,  3868
EM,1210,  3869
EM,1695,  3870
A,7284,  3871
A,7481,  3872
A,4043,  3873
A,7318,  3874
EM,271,  3875
A,7307,  3876
A,781,  3877
EM,1440,  3878
A,7519,  3879
EM,368,  3880
A,6740,  3881
A,7043,  3882
A,6547,  3883
A,272,  3884
A,806,  3885
A,4908,  3886
A,5815,  3887
A,3004,  3888
A,3856,  3889
A,3559,  3890
A,7352,  3891
A,7028,  3892
A,6439,  3893
A,2045,  3894
A,4928,  3895
A,6125,  3896
A,1682,  3897
A,6326,  3898
A,7264,  3899
A,6824,  3900
EM,1696,  3901
A,5396,  3902
A,2646,  3903
A,4056,  3904
A,7260,  3905
A,7802,  3906
A,7605,  3907
EM,1274,  3908
A,5448,  3909
A,7063,  3910
A,4821,  3911
A,3905,  3912
EM,1994,  3913
EM,2147,  3914
EM,1798,  3915
EM,771,  3916
A,1224,  3917
A,6422,  3918
A,6398,  3919
A,7411,  3920
EM,1892,  3921
A,6917,  3922
A,709,  3923
A,6379,  3924
A,3944,  3925
EM,1870,  3926
EM,631,  3927
A,6445,  3928
EM,1933,  3929
EM,2076,  3930
EM,393,  3931
A,1091,  3932
A,5323,  3933
A,6816,  3934
A,7242,  3935
A,4951,  3936
A,4692,  3937
A,3648,  3938
A,788,  3939
A,5617,  3940
A,7773,  3941
A,4668,  3942
A,3884,  3943
A,612,  3944
A,7316,  3945
A,2791,  3946
A,5424,  3947
A,6508,  3948
A,1339,  3949
A,6697,  3950
A,3940,  3951
A,4441,  3952
EM,2225,  3953
EM,2209,  3954
EM,1940,  3955
A,7298,  3956
A,6373,  3957
A,4337,  3958
A,5241,  3959
A,4714,  3960
A,7365,  3961
A,4228,  3962
A,4674,  3963
A,7693,  3964
A,6895,  3965
A,6567,  3966
A,6773,  3967
A,6676,  3968
EM,1363,  3969
EM,1850,  3970
EM,1353,  3971
EM,48,  3972
A,7550,  3973
A,5862,  3974
A,1659,  3975
A,5925,  3976
A,6780,  3977
A,943,  3978
A,5936,  3979
A,1172,  3980
A,7166,  3981
A,7497,  3982
A,5616,  3983
A,2831,  3984
A,7739,  3985
A,5614,  3986
A,7180,  3987
A,2000,  3988
A,4467,  3989
A,4894,  3990
A,7262,  3991
A,590,  3992
A,6767,  3993
A,3081,  3994
A,7756,  3995
A,7632,  3996
A,5365,  3997
A,5046,  3998
A,7573,  3999
A,7292,  4000
A,3612,  4001
A,457,  4002
A,5150,  4003
A,7622,  4004
A,5307,  4005
A,1276,  4006
A,4490,  4007
A,7516,  4008
A,5305,  4009
EM,743,  4010
A,7699,  4011
A,1067,  4012
A,6554,  4013
A,6553,  4014
A,6744,  4015
A,5145,  4016
A,5848,  4017
A,6717,  4018
A,6153,  4019
A,6060,  4020
EM,734,  4021
A,1406,  4022
EM,1523,  4023
A,6788,  4024
A,758,  4025
A,7031,  4026
A,4412,  4027
A,7228,  4028
A,1960,  4029
EM,169,  4030
A,4117,  4031
A,3859,  4032
A,4557,  4033
A,2753,  4034
A,7400,  4035
A,6819,  4036
A,7455,  4037
EM,76,  4038
A,512,  4039
A,2942,  4040
EM,877,  4041
A,3557,  4042
EM,1519,  4043
A,1935,  4044
EM,1157,  4045
A,6690,  4046
A,7150,  4047
EM,1722,  4048
A,5765,  4049
A,4981,  4050
EM,1910,  4051
A,5530,  4052
A,4142,  4053
EM,1702,  4054
A,7025,  4055
A,7629,  4056
A,6172,  4057
A,6264,  4058
A,4251,  4059
A,6277,  4060
A,5778,  4061
A,4450,  4062
A,4691,  4063
A,6032,  4064
A,3901,  4065
A,2973,  4066
A,7157,  4067
A,7247,  4068
A,2930,  4069
A,6449,  4070
EM,1309,  4071
A,4785,  4072
A,2625,  4073
A,4769,  4074
A,3670,  4075
EM,1367,  4076
EM,1638,  4077
A,4677,  4078
A,7566,  4079
EM,1688,  4080
A,6303,  4081
A,6763,  4082
A,1273,  4083
EM,1438,  4084
A,1462,  4085
A,323,  4086
EM,1621,  4087
EM,1733,  4088
A,6809,  4089
EM,1242,  4090
A,2616,  4091
A,7003,  4092
A,6166,  4093
EM,1679,  4094
A,5869,  4095
A,4377,  4096
A,6178,  4097
EM,1595,  4098
A,5340,  4099
A,5678,  4100
A,234,  4101
A,6325,  4102
A,4482,  4103
A,613,  4104
A,7384,  4105
A,553,  4106
A,7499,  4107
A,7737,  4108
A,6289,  4109
A,3818,  4110
A,3044,  4111
A,1187,  4112
A,5154,  4113
A,7026,  4114
A,4215,  4115
A,1193,  4116
A,6225,  4117
A,4392,  4118
A,4636,  4119
A,4726,  4120
A,3500,  4121
A,3273,  4122
A,2788,  4123
EM,1685,  4124
A,6905,  4125
A,7755,  4126
A,3199,  4127
A,6910,  4128
A,7328,  4129
A,4916,  4130
A,7378,  4131
A,4497,  4132
A,5743,  4133
A,7225,  4134
A,2908,  4135
A,5419,  4136
A,5542,  4137
A,5312,  4138
A,6617,  4139
A,2505,  4140
A,5621,  4141
A,5816,  4142
EM,1316,  4143
EM,426,  4144
EM,1668,  4145
EM,2103,  4146
EM,521,  4147
EM,1389,  4148
EM,1991,  4149
EM,692,  4150
A,1646,  4151
A,6822,  4152
A,1149,  4153
A,3805,  4154
A,1767,  4155
A,2413,  4156
A,6985,  4157
A,5708,  4158
A,2799,  4159
A,1675,  4160
A,7039,  4161
A,1169,  4162
EM,746,  4163
A,4244,  4164
A,4605,  4165
A,1753,  4166
A,5256,  4167
A,6533,  4168
A,6077,  4169
A,2826,  4170
EM,10,  4171
A,6333,  4172
A,4466,  4173
A,4564,  4174
A,3560,  4175
A,700,  4176
EM,1640,  4177
EM,1411,  4178
A,6838,  4179
EM,1516,  4180
A,5158,  4181
EM,1362,  4182
EM,1705,  4183
A,3475,  4184
A,3974,  4185
A,4591,  4186
A,6393,  4187
A,4858,  4188
A,2911,  4189
A,2458,  4190
EM,1422,  4191
A,1213,  4192
A,4842,  4193
A,7746,  4194
A,4914,  4195
A,4514,  4196
EM,22,  4197
A,4654,  4198
A,5523,  4199
A,6757,  4200
A,6711,  4201
A,5426,  4202
A,7288,  4203
EM,948,  4204
A,6278,  4205
A,4596,  4206
A,6142,  4207
A,5584,  4208
A,1720,  4209
A,7124,  4210
A,6881,  4211
A,6862,  4212
A,6592,  4213
A,3152,  4214
A,7016,  4215
A,3502,  4216
A,3898,  4217
A,2463,  4218
A,6897,  4219
A,3197,  4220
A,6114,  4221
A,5085,  4222
EM,2073,  4223
EM,419,  4224
A,7633,  4225
A,7614,  4226
A,2409,  4227
A,3599,  4228
A,7220,  4229
A,5821,  4230
A,756,  4231
A,496,  4232
A,5710,  4233
EM,1803,  4234
A,7456,  4235
A,4269,  4236
A,3738,  4237
A,5902,  4238
A,7037,  4239
A,7690,  4240
A,3925,  4241
A,4390,  4242
A,1933,  4243
A,1981,  4244
A,7578,  4245
EM,935,  4246
A,7576,  4247
A,306,  4248
EM,1835,  4249
EM,1232,  4250
A,4906,  4251
A,4046,  4252
EM,2068,  4253
A,6700,  4254
A,4216,  4255
A,6870,  4256
A,5726,  4257
A,7783,  4258
A,4475,  4259
A,2789,  4260
A,4219,  4261
A,2909,  4262
A,5186,  4263
A,3604,  4264
A,6196,  4265
EM,716,  4266
A,1982,  4267
A,7437,  4268
A,7143,  4269
A,4024,  4270
A,852,  4271
A,6741,  4272
A,5485,  4273
A,6297,  4274
A,3653,  4275
A,7297,  4276
A,4183,  4277
A,7535,  4278
A,5632,  4279
A,6798,  4280
A,1828,  4281
A,3979,  4282
A,477,  4283
A,4136,  4284
A,6759,  4285
EM,2079,  4286
A,965,  4287
A,6127,  4288
EM,772,  4289
A,6311,  4290
A,7224,  4291
A,3392,  4292
A,7164,  4293
A,4626,  4294
A,1785,  4295
A,5729,  4296
A,4986,  4297
A,6636,  4298
A,2370,  4299
A,6355,  4300
A,6283,  4301
A,908,  4302
EM,328,  4303
A,7673,  4304
A,7071,  4305
A,6605,  4306
EM,1283,  4307
EM,1692,  4308
EM,1820,  4309
A,2900,  4310
A,3188,  4311
A,3575,  4312
EM,1812,  4313
A,7052,  4314
A,7790,  4315
A,919,  4316
A,1634,  4317
A,7060,  4318
A,4883,  4319
A,3489,  4320
A,7441,  4321
A,5695,  4322
A,2407,  4323
A,5840,  4324
EM,2163,  4325
EM,811,  4326
EM,2053,  4327
EM,1323,  4328
EM,1814,  4329
EM,1413,  4330
EM,1976,  4331
EM,1475,  4332
A,2641,  4333
EM,2098,  4334
A,3677,  4335
A,3997,  4336
EM,1784,  4337
EM,1532,  4338
EM,1808,  4339
A,5521,  4340
EM,1572,  4341
EM,1546,  4342
A,5985,  4343
A,6133,  4344
A,4287,  4345
A,5226,  4346
A,1315,  4347
A,4082,  4348
A,1896,  4349
A,3109,  4350
A,5161,  4351
A,3205,  4352
A,4891,  4353
A,4140,  4354
A,7489,  4355
A,793,  4356
A,6642,  4357
A,534,  4358
A,2948,  4359
A,2914,  4360
A,2019,  4361
A,2803,  4362
A,7285,  4363
A,5151,  4364
A,1733,  4365
A,7218,  4366
A,7267,  4367
A,3582,  4368
A,5918,  4369
EM,1678,  4370
A,7259,  4371
A,7800,  4372
A,6343,  4373
A,5844,  4374
EM,1449,  4375
A,7385,  4376
A,803,  4377
A,3775,  4378
A,1669,  4379
A,4695,  4380
A,4549,  4381
A,4599,  4382
A,5657,  4383
A,3366,  4384
A,6126,  4385
A,5806,  4386
A,7004,  4387
A,7641,  4388
A,7642,  4389
A,3746,  4390
A,5635,  4391
A,2438,  4392
A,4388,  4393
A,7395,  4394
A,7382,  4395
A,1228,  4396
A,3874,  4397
A,5540,  4398
A,1668,  4399
A,4655,  4400
EM,1592,  4401
A,3207,  4402
A,7282,  4403
A,845,  4404
EM,1051,  4405
A,1501,  4406
A,5755,  4407
EM,2099,  4408
EM,898,  4409
EM,2218,  4410
A,7269,  4411
A,4758,  4412
EM,1186,  4413
A,4268,  4414
A,2718,  4415
EM,1408,  4416
A,5488,  4417
A,4610,  4418
A,6202,  4419
A,3870,  4420
A,7601,  4421
A,4050,  4422
A,7701,  4423
A,5917,  4424
A,2921,  4425
A,1723,  4426
A,5955,  4427
A,5023,  4428
A,5730,  4429
A,3688,  4430
A,4264,  4431
A,1825,  4432
A,2328,  4433
A,5858,  4434
A,6479,  4435
A,5380,  4436
EM,1916,  4437
EM,2078,  4438
EM,740,  4439
EM,1958,  4440
A,4882,  4441
A,7575,  4442
A,7562,  4443
A,1093,  4444
A,3290,  4445
A,5548,  4446
EM,1686,  4447
A,6857,  4448
EM,2264,  4449
A,3533,  4450
A,916,  4451
EM,2047,  4452
A,1583,  4453
A,4612,  4454
A,7227,  4455
A,3849,  4456
A,7281,  4457
A,6294,  4458
A,3926,  4459
A,5168,  4460
EM,2015,  4461
A,4283,  4462
A,2894,  4463
A,4133,  4464
A,6976,  4465
A,1917,  4466
EM,1901,  4467
A,5958,  4468
EM,2050,  4469
A,3483,  4470
A,7651,  4471
A,4135,  4472
A,842,  4473
EM,982,  4474
A,3883,  4475
A,7027,  4476
A,6247,  4477
EM,1492,  4478
A,5704,  4479
A,2393,  4480
A,6928,  4481
A,7057,  4482
EM,1013,  4483
EM,2083,  4484
A,6850,  4485
A,3764,  4486
EM,2202,  4487
A,4519,  4488
A,7684,  4489
A,5497,  4490
A,4991,  4491
A,4194,  4492
A,7744,  4493
A,2825,  4494
A,4502,  4495
A,6837,  4496
EM,1208,  4497
EM,1539,  4498
A,3794,  4499
A,6900,  4500
A,6849,  4501
A,4997,  4502
EM,1004,  4503
A,4561,  4504
A,3976,  4505
A,6517,  4506
EM,2055,  4507
EM,2017,  4508
A,2631,  4509
A,4384,  4510
EM,2054,  4511
A,6739,  4512
A,5642,  4513
A,4196,  4514
A,2451,  4515
A,5292,  4516
A,6163,  4517
A,2439,  4518
A,3030,  4519
A,3698,  4520
A,4012,  4521
EM,1072,  4522
A,7567,  4523
A,4777,  4524
A,3439,  4525
A,728,  4526
A,7045,  4527
EM,1360,  4528
EM,1462,  4529
EM,1952,  4530
EM,1195,  4531
A,5492,  4532
A,7066,  4533
A,7500,  4534
A,1453,  4535
EM,1109,  4536
A,4651,  4537
A,7752,  4538
A,4066,  4539
A,895,  4540
A,1334,  4541
A,305,  4542
A,7663,  4543
A,6397,  4544
A,6950,  4545
A,7574,  4546
A,6577,  4547
A,4055,  4548
EM,2146,  4549
EM,1583,  4550
EM,1201,  4551
A,7315,  4552
A,4786,  4553
A,1116,  4554
A,5296,  4555
A,5080,  4556
A,1471,  4557
A,1950,  4558
A,7428,  4559
A,7634,  4560
A,7593,  4561
A,7327,  4562
EM,1311,  4563
A,3277,  4564
A,3984,  4565
EM,890,  4566
A,876,  4567
A,3803,  4568
A,4171,  4569
A,5058,  4570
A,4701,  4571
A,5871,  4572
A,5940,  4573
EM,1170,  4574
A,3534,  4575
A,7119,  4576
A,7196,  4577
A,6745,  4578
A,5462,  4579
A,6456,  4580
A,6766,  4581
A,1444,  4582
A,4357,  4583
A,3112,  4584
A,4065,  4585
A,4214,  4586
A,2268,  4587
A,5728,  4588
A,3102,  4589
A,1732,  4590
A,6223,  4591
A,7474,  4592
A,3532,  4593
A,1704,  4594
EM,577,  4595
A,3594,  4596
A,3036,  4597
A,3948,  4598
A,2348,  4599
A,6538,  4600
A,4910,  4601
A,3631,  4602
A,6493,  4603
A,4554,  4604
A,2800,  4605
A,7078,  4606
EM,1452,  4607
A,1834,  4608
A,7054,  4609
A,2456,  4610
A,1437,  4611
EM,146,  4612
A,7478,  4613
A,4662,  4614
A,5495,  4615
A,2017,  4616
A,6802,  4617
A,3550,  4618
A,3847,  4619
A,4062,  4620
A,3187,  4621
A,7162,  4622
A,391,  4623
A,6980,  4624
EM,1521,  4625
A,3855,  4626
A,292,  4627
A,165,  4628
A,7482,  4629
A,6889,  4630
A,5048,  4631
A,6478,  4632
A,5240,  4633
A,5807,  4634
A,5456,  4635
A,4132,  4636
A,2459,  4637
A,7049,  4638
A,7135,  4639
A,4697,  4640
A,3761,  4641
A,7044,  4642
A,6030,  4643
A,1814,  4644
EM,671,  4645
A,160,  4646
A,7708,  4647
A,6782,  4648
A,5612,  4649
A,6453,  4650
A,2345,  4651
A,7627,  4652
A,3571,  4653
A,5248,  4654
A,4271,  4655
A,2979,  4656
EM,2235,  4657
A,7346,  4658
A,2136,  4659
EM,1550,  4660
A,7520,  4661
EM,1166,  4662
A,1538,  4663
A,5401,  4664
EM,1336,  4665
EM,119,  4666
A,6220,  4667
EM,1759,  4668
A,4583,  4669
A,4296,  4670
EM,74,  4671
A,4495,  4672
A,441,  4673
A,543,  4674
A,717,  4675
A,4091,  4676
A,4724,  4677
A,995,  4678
A,7087,  4679
EM,939,  4680
A,1189,  4681
A,6655,  4682
A,7289,  4683
A,4946,  4684
EM,2157,  4685
A,6430,  4686
A,3191,  4687
A,7413,  4688
A,4110,  4689
A,6197,  4690
EM,1312,  4691
A,7251,  4692
A,828,  4693
A,5638,  4694
A,4102,  4695
A,4968,  4696
A,6194,  4697
A,7129,  4698
A,460,  4699
A,6654,  4700
A,5389,  4701
A,4431,  4702
A,7376,  4703
A,3665,  4704
A,3549,  4705
A,520,  4706
EM,947,  4707
A,1498,  4708
EM,1900,  4709
A,7753,  4710
A,7498,  4711
A,4070,  4712
A,7230,  4713
A,2647,  4714
A,3793,  4715
A,3135,  4716
A,7208,  4717
A,2122,  4718
EM,2023,  4719
A,4941,  4720
A,4803,  4721
A,6014,  4722
A,4213,  4723
EM,1804,  4724
A,2615,  4725
A,4306,  4726
A,6230,  4727
A,6979,  4728
EM,1984,  4729
A,3352,  4730
A,1266,  4731
A,4971,  4732
EM,579,  4733
EM,2259,  4734
A,2123,  4735
EM,2058,  4736
A,3546,  4737
A,7772,  4738
A,3830,  4739
A,1760,  4740
A,6737,  4741
A,7805,  4742
EM,2143,  4743
A,6421,  4744
EM,1951,  4745
A,7703,  4746
EM,1354,  4747
A,4652,  4748
A,5946,  4749
A,1778,  4750
A,5680,  4751
A,2501,  4752
A,4438,  4753
A,5640,  4754
A,4787,  4755
A,5672,  4756
A,3390,  4757
A,426,  4758
A,5882,  4759
A,6595,  4760
A,3084,  4761
A,7589,  4762
A,6868,  4763
A,6091,  4764
A,3423,  4765
A,7243,  4766
A,6645,  4767
A,7784,  4768
A,6193,  4769
A,4752,  4770
A,6810,  4771
A,4778,  4772
A,4059,  4773
A,4195,  4774
A,1279,  4775
A,7334,  4776
A,7401,  4777
A,4512,  4778
A,6226,  4779
A,1258,  4780
A,2358,  4781
A,2443,  4782
A,859,  4783
A,6150,  4784
A,5330,  4785
A,2759,  4786
A,2766,  4787
A,445,  4788
EM,2153,  4789
A,6502,  4790
A,2767,  4791
A,5637,  4792
EM,1498,  4793
A,7155,  4794
EM,2177,  4795
A,7480,  4796
A,1051,  4797
A,1084,  4798
A,3291,  4799
A,4501,  4800
A,3986,  4801
A,1848,  4802
A,6511,  4803
A,7526,  4804
A,7523,  4805
A,5857,  4806
A,6730,  4807
A,1693,  4808
A,5082,  4809
A,5619,  4810
A,4640,  4811
A,3212,  4812
A,6229,  4813
A,6563,  4814
A,7253,  4815
A,4921,  4816
A,939,  4817
A,7121,  4818
A,5909,  4819
A,5855,  4820
A,5992,  4821
A,7160,  4822
A,6507,  4823
EM,2151,  4824
A,6087,  4825
A,4178,  4826
A,6986,  4827
A,3469,  4828
A,4852,  4829
A,4796,  4830
A,7727,  4831
A,2749,  4832
A,7370,  4833
A,7735,  4834
EM,172,  4835
A,1702,  4836
A,1081,  4837
EM,632,  4838
A,745,  4839
A,6228,  4840
EM,1410,  4841
A,6967,  4842
A,432,  4843
A,7403,  4844
A,815,  4845
A,3177,  4846
EM,112,  4847
A,4032,  4848
A,6566,  4849
A,1030,  4850
A,4383,  4851
A,3726,  4852
A,1296,  4853
A,6991,  4854
EM,1507,  4855
A,4831,  4856
A,853,  4857
EM,1625,  4858
A,5913,  4859
A,7423,  4860
A,1645,  4861
A,5166,  4862
A,1190,  4863
A,6099,  4864
A,7295,  4865
A,7008,  4866
A,1734,  4867
EM,1541,  4868
A,3508,  4869
A,1949,  4870
A,5969,  4871
A,7117,  4872
A,6273,  4873
A,3708,  4874
A,7283,  4875
A,4071,  4876
A,7643,  4877
A,2341,  4878
A,7434,  4879
A,2920,  4880
A,7366,  4881
A,7036,  4882
EM,1370,  4883
EM,480,  4884
A,5656,  4885
A,1581,  4886
A,5808,  4887
A,6582,  4888
A,4205,  4889
A,5754,  4890
A,4028,  4891
A,4138,  4892
A,2334,  4893
EM,860,  4894
EM,1603,  4895
A,1120,  4896
A,1557,  4897
A,5696,  4898
A,5853,  4899
A,5716,  4900
A,6668,  4901
A,1842,  4902
A,3436,  4903
A,54,  4904
A,824,  4905
A,410,  4906
A,3600,  4907
A,7211,  4908
A,5443,  4909
A,5097,  4910
EM,1437,  4911
A,4321,  4912
EM,1328,  4913
A,4154,  4914
EM,1420,  4915
A,1183,  4916
A,4789,  4917
A,6028,  4918
A,5024,  4919
A,7645,  4920
A,1602,  4921
A,6069,  4922
A,6807,  4923
A,867,  4924
A,7807,  4925
EM,1598,  4926
A,2450,  4927
EM,1833,  4928
EM,1654,  4929
A,110,  4930
EM,2190,  4931
A,7009,  4932
EM,2070,  4933
A,7799,  4934
EM,2006,  4935
EM,1383,  4936
A,7320,  4937
A,7115,  4938
A,4540,  4939
A,1429,  4940
A,3721,  4941
EM,1514,  4942
EM,2243,  4943
EM,1914,  4944
EM,1852,  4945
EM,1792,  4946
EM,2267,  4947
A,4001,  4948
EM,2011,  4949
A,1049,  4950
EM,2067,  4951
A,1357,  4952
A,5107,  4953
A,6674,  4954
A,5105,  4955
A,3918,  4956
A,3581,  4957
A,4945,  4958
EM,1917,  4959
EM,1348,  4960
A,5834,  4961
A,861,  4962
A,4879,  4963
EM,1918,  4964
EM,360,  4965
A,805,  4966
A,589,  4967
A,6879,  4968
A,3912,  4969
A,2420,  4970
A,551,  4971
A,2210,  4972
A,5490,  4973
A,846,  4974
A,6092,  4975
A,2389,  4976
A,1474,  4977
A,747,  4978
A,1321,  4979
EM,2180,  4980
EM,1911,  4981
A,4247,  4982
A,1057,  4983
A,1267,  4984
A,4915,  4985
A,1901,  4986
EM,2071,  4987
A,2395,  4988
A,5775,  4989
EM,1594,  4990
EM,1269,  4991
A,7414,  4992
A,7486,  4993
A,4630,  4994
A,5470,  4995
A,5990,  4996
A,3720,  4997
A,2932,  4998
A,3119,  4999
A,6560,  5000
A,3192,  5001
EM,1244,  5002
EM,1948,  5003
EM,1557,  5004
A,4887,  5005
A,5722,  5006
EM,698,  5007
A,4687,  5008
A,2673,  5009
A,5503,  5010
A,626,  5011
A,4459,  5012
EM,1501,  5013
A,3088,  5014
A,3968,  5015
A,1596,  5016
A,2293,  5017
A,7445,  5018
EM,269,  5019
A,5258,  5020
EM,964,  5021
A,2879,  5022
A,6564,  5023
A,335,  5024
A,7771,  5025
A,4351,  5026
A,7483,  5027
A,7646,  5028
A,2586,  5029
A,4394,  5030
A,3680,  5031
A,6137,  5032
A,5139,  5033
A,3140,  5034
A,4354,  5035
EM,741,  5036
A,3256,  5037
EM,456,  5038
A,5167,  5039
A,2839,  5040
A,1909,  5041
A,7798,  5042
A,4613,  5043
EM,1864,  5044
A,7022,  5045
A,5405,  5046
A,6738,  5047
A,7789,  5048
A,5181,  5049
A,593,  5050
A,7636,  5051
A,6489,  5052
EM,1578,  5053
A,402,  5054
A,5613,  5055
A,2379,  5056
A,2931,  5057
A,6791,  5058
A,1780,  5059
A,1101,  5060
A,3963,  5061
A,7151,  5062
A,4696,  5063
A,7152,  5064
A,3841,  5065
A,1805,  5066
A,7791,  5067
A,607,  5068
EM,1620,  5069
A,6471,  5070
A,7393,  5071
A,6692,  5072
A,6628,  5073
EM,1427,  5074
A,2440,  5075
A,7417,  5076
A,7545,  5077
A,7782,  5078
A,736,  5079
A,6295,  5080
A,4598,  5081
EM,1423,  5082
EM,1533,  5083
EM,498,  5084
EM,44,  5085
A,7468,  5086
A,3062,  5087
A,4193,  5088
A,4897,  5089
A,2276,  5090
EM,868,  5091
EM,1207,  5092
EM,2060,  5093
EM,1990,  5094
A,4573,  5095
EM,1860,  5096
A,4393,  5097
A,3310,  5098
EM,1950,  5099
EM,2022,  5100
EM,1697,  5101
EM,844,  5102
EM,2198,  5103
EM,1855,  5104
EM,1435,  5105
EM,917,  5106
EM,917,  5107
A,162,  5108
EM,1549,  5109
EM,1836,  5110
A,7171,  5111
A,6935,  5112
A,6830,  5113
A,7582,  5114
EM,2072,  5115
EM,1307,  5116
EM,1375,  5117
A,1831,  5118
A,6709,  5119
A,7358,  5120
A,6633,  5121
A,1493,  5122
A,7086,  5123
A,7742,  5124
A,220,  5125
A,6960,  5126
A,1060,  5127
A,2003,  5128
A,6179,  5129
A,5050,  5130
A,2243,  5131
A,3964,  5132
EM,1709,  5133
A,6309,  5134
A,5645,  5135
A,6076,  5136
EM,1738,  5137
EM,1052,  5138
EM,1968,  5139
EM,1613,  5140
EM,2005,  5141
EM,1361,  5142
EM,3,  5143
EM,2139,  5144
EM,1376,  5145
EM,1647,  5146
EM,1560,  5147
EM,1496,  5148
EM,1960,  5149
EM,2127,  5150
EM,1825,  5151
EM,2002,  5152
EM,904,  5153
EM,1993,  5154
EM,1732,  5155
EM,992,  5156
A,6940,  5157
A,7676,  5158
A,2672,  5159
EM,1802,  5160
EM,1677,  5161
A,3826,  5162
EM,1886,  5163
A,6915,  5164
EM,2128,  5165
A,4379,  5166
A,6786,  5167
A,2113,  5168
A,4311,  5169
A,5236,  5170
A,2893,  5171
A,6518,  5172
A,2904,  5173
EM,952,  5174
A,4456,  5175
A,1574,  5176
A,5099,  5177
EM,1944,  5178
EM,2035,  5179
A,7222,  5180
A,495,  5181
A,1150,  5182
EM,965,  5183
A,7195,  5184
A,7301,  5185
A,5663,  5186
A,4954,  5187
A,4562,  5188
A,4759,  5189
A,2912,  5190
EM,1615,  5191
A,7736,  5192
A,3182,  5193
A,5553,  5194
A,5474,  5195
A,7644,  5196
EM,1617,  5197
A,2412,  5198
A,6912,  5199
A,3934,  5200
A,7635,  5201
A,1673,  5202
A,7705,  5203
A,5994,  5204
A,5076,  5205
A,7381,  5206
A,4865,  5207
A,4873,  5208
A,1243,  5209
A,7236,  5210
EM,2124,  5211
EM,1053,  5212
A,7255,  5213
A,6839,  5214
A,2193,  5215
A,5077,  5216
A,5885,  5217
A,3154,  5218
A,6783,  5219
A,4211,  5220
A,3058,  5221
EM,1426,  5222
A,6987,  5223
A,5744,  5224
A,3398,  5225
A,3200,  5226
A,4989,  5227
A,7373,  5228
A,5673,  5229
A,4670,  5230
A,4118,  5231
A,985,  5232
A,7070,  5233
A,1306,  5234
A,5268,  5235
A,7470,  5236
A,563,  5237
EM,958,  5238
EM,2034,  5239
A,6269,  5240
A,6755,  5241
EM,1118,  5242
EM,2158,  5243
EM,1587,  5244
EM,1444,  5245
EM,1995,  5246
EM,1602,  5247
A,5624,  5248
EM,1921,  5249
A,4618,  5250
A,5095,  5251
EM,319,  5252
A,6627,  5253
A,2007,  5254
A,7254,  5255
A,2816,  5256
A,3193,  5257
A,6957,  5258
EM,1869,  5259
A,7321,  5260
A,2657,  5261
EM,1630,  5262
A,3185,  5263
EM,1898,  5264
EM,1130,  5265
EM,845,  5266
A,2302,  5267
A,6148,  5268
A,6569,  5269
A,7606,  5270
A,6080,  5271
A,5106,  5272
A,1338,  5273
EM,2003,  5274
A,5520,  5275
A,4700,  5276
A,363,  5277
A,4690,  5278
A,5313,  5279
A,5543,  5280
A,1001,  5281
A,7491,  5282
A,766,  5283
A,5643,  5284
A,489,  5285
EM,1888,  5286
EM,2086,  5287
EM,1758,  5288
EM,2234,  5289
EM,1926,  5290
A,3271,  5291
A,7094,  5292
EM,2081,  5293
EM,1322,  5294
A,453,  5295
A,6015,  5296
A,4084,  5297
A,7156,  5298
A,4047,  5299
A,2151,  5300
A,5596,  5301
A,7219,  5302
A,4169,  5303
A,296,  5304
A,6640,  5305
A,984,  5306
A,4900,  5307
A,3556,  5308
A,4421,  5309
A,2237,  5310
A,3444,  5311
A,7438,  5312
A,1934,  5313
A,5516,  5314
A,5270,  5315
A,3682,  5316
A,6872,  5317
EM,1819,  5318
A,1894,  5319
A,4975,  5320
A,4608,  5321
EM,2192,  5322
A,6095,  5323
EM,769,  5324
A,7246,  5325
A,2375,  5326
A,2109,  5327
A,4850,  5328
A,4391,  5329
A,7216,  5330
A,2259,  5331
A,6953,  5332
A,4158,  5333
A,7683,  5334
A,5060,  5335
A,5880,  5336
A,6712,  5337
A,3158,  5338
A,2680,  5339
A,1502,  5340
A,7024,  5341
A,6368,  5342
A,5629,  5343
A,1337,  5344
A,4559,  5345
A,6134,  5346
A,4235,  5347
A,4952,  5348
A,1087,  5349
A,6817,  5350
A,7138,  5351
A,4148,  5352
A,4853,  5353
A,5037,  5354
A,5140,  5355
A,6555,  5356
A,6892,  5357
A,2699,  5358
A,4227,  5359
A,4015,  5360
A,4750,  5361
A,7479,  5362
A,6528,  5363
EM,2007,  5364
A,2622,  5365
A,4970,  5366
A,4250,  5367
A,3996,  5368
A,5606,  5369
A,6750,  5370
A,3322,  5371
EM,2001,  5372
EM,2159,  5373
A,5242,  5374
A,4538,  5375
A,6556,  5376
A,7083,  5377
A,2329,  5378
A,7302,  5379
A,4005,  5380
A,4299,  5381
A,4019,  5382
A,64,  5383
A,4123,  5384
A,4871,  5385
A,1803,  5386
A,3935,  5387
A,7067,  5388
A,7561,  5389
A,2626,  5390
A,4400,  5391
A,1069,  5392
A,6593,  5393
A,5652,  5394
A,6500,  5395
A,2441,  5396
A,113,  5397
A,4414,  5398
A,3101,  5399
A,2745,  5400
A,3897,  5401
A,6884,  5402
EM,1642,  5403
EM,1358,  5404
A,7168,  5405
A,681,  5406
A,5435,  5407
A,4427,  5408
A,774,  5409
A,4348,  5410
A,3626,  5411
EM,2255,  5412
EM,1412,  5413
EM,1627,  5414
EM,1752,  5415
EM,1218,  5416
EM,2261,  5417
EM,1313,  5418
EM,1672,  5419
A,7058,  5420
EM,1736,  5421
A,775,  5422
A,3216,  5423
EM,2042,  5424
A,7266,  5425
EM,1883,  5426
EM,1829,  5427
EM,1185,  5428
A,5578,  5429
A,171,  5430
A,7443,  5431
A,7210,  5432
A,7729,  5433
A,7534,  5434
A,5644,  5435
A,1161,  5436
A,5901,  5437
A,6138,  5438
A,2829,  5439
A,1096,  5440
A,5975,  5441
A,3909,  5442
A,4783,  5443
A,5384,  5444
A,7089,  5445
EM,1563,  5446
A,7698,  5447
A,1127,  5448
A,7059,  5449
A,6476,  5450
A,7543,  5451
A,6672,  5452
EM,1746,  5453
A,3907,  5454
A,209,  5455
A,2099,  5456
A,5102,  5457
A,6483,  5458
A,630,  5459
A,4772,  5460
A,4926,  5461
A,3274,  5462
A,3105,  5463
A,1853,  5464
A,1851,  5465
A,4206,  5466
A,4874,  5467
EM,2037,  5468
A,213,  5469
A,263,  5470
A,4822,  5471
A,4252,  5472
A,4382,  5473
A,6280,  5474
A,7706,  5475
A,1426,  5476
A,4527,  5477
A,6650,  5478
A,1741,  5479
A,7508,  5480
A,4210,  5481
A,4344,  5482
A,6864,  5483
A,6477,  5484
A,6818,  5485
A,4684,  5486
A,6444,  5487
EM,2030,  5488
EM,1205,  5489
A,7238,  5490
EM,979,  5491
A,7664,  5492
A,7696,  5493
A,2062,  5494
A,689,  5495
A,4165,  5496
A,5760,  5497
A,3408,  5498
A,602,  5499
A,3514,  5500
A,7329,  5501
A,5464,  5502
A,7360,  5503
A,1589,  5504
EM,1652,  5505
A,789,  5506
EM,1175,  5507
EM,1866,  5508
A,4888,  5509
A,6516,  5510
A,6634,  5511
A,772,  5512
A,7751,  5513
A,5061,  5514
A,2785,  5515
EM,1366,  5516
EM,1027,  5517
A,2854,  5518
A,1182,  5519
A,7249,  5520
A,6446,  5521
A,6322,  5522
EM,2245,  5523
EM,708,  5524
A,1033,  5525
A,3654,  5526
A,3753,  5527
A,3911,  5528
A,6195,  5529
A,3504,  5530
EM,1874,  5531
A,2457,  5532
A,5971,  5533
A,6721,  5534
A,4109,  5535
A,5351,  5536
A,4404,  5537
A,3588,  5538
A,2818,  5539
A,124,  5540
EM,630,  5541
A,7245,  5542
A,4458,  5543
A,34,  5544
A,4212,  5545
EM,1920,  5546
A,5142,  5547
EM,1100,  5548
A,2157,  5549
EM,1775,  5550
A,2137,  5551
A,1110,  5552
A,3218,  5553
EM,1932,  5554
EM,1797,  5555
A,4004,  5556
A,4105,  5557
A,3922,  5558
A,6996,  5559
EM,1810,  5560
A,6488,  5561
EM,1846,  5562
A,6898,  5563
A,2504,  5564
A,4364,  5565
A,2744,  5566
A,7113,  5567
A,4828,  5568
EM,1971,  5569
EM,1554,  5570
A,5005,  5571
A,6457,  5572
A,7613,  5573
A,2447,  5574
A,2704,  5575
A,7777,  5576
A,5219,  5577
A,2986,  5578
A,4182,  5579
A,5350,  5580
A,7007,  5581
A,7350,  5582
A,2762,  5583
A,1697,  5584
A,5608,  5585
A,7541,  5586
A,7720,  5587
A,2870,  5588
EM,1575,  5589
A,4030,  5590
A,6854,  5591
A,7322,  5592
A,6793,  5593
A,7073,  5594
A,6562,  5595
A,4579,  5596
A,5735,  5597
A,7235,  5598
A,4723,  5599
A,1672,  5600
A,3565,  5601
A,5852,  5602
EM,1505,  5603
A,6975,  5604
A,4447,  5605
A,3497,  5606
A,7433,  5607
A,5953,  5608
A,5667,  5609
A,6404,  5610
A,5947,  5611
A,6947,  5612
A,5856,  5613
A,6261,  5614
A,7154,  5615
A,6792,  5616
A,2031,  5617
A,5381,  5618
A,4272,  5619
A,7436,  5620
A,6275,  5621
A,7305,  5622
A,7205,  5623
A,167,  5624
A,5604,  5625
A,4054,  5626
A,5539,  5627
A,953,  5628
A,7084,  5629
A,5452,  5630
A,6019,  5631
A,755,  5632
A,4837,  5633
A,1844,  5634
A,4097,  5635
A,7808,  5636
A,7463,  5637
A,7116,  5638
EM,1970,  5639
A,7552,  5640
A,4865,
A,6786,
A,3821,
A,2762,
EM,2222,
A,5634,
A,4025,
A,4698,
A,4700,
A,6117,
A,4039,
A,3416,
A,7815,  5641
