ASIENTO,MYMORDEN,FECHA,MAYCUENTA,RUBRO,IMPORTE
1,1,2002-10-01,1101,D,210.0
1,2,2002-10-01,1102,D,60.0
1,3,2002-10-01,1103,D,190.0
1,4,2002-10-01,1104,D,1869.35
1,5,2002-10-01,1105,D,524.16
1,6,2002-10-01,1106,D,11979.5
1,7,2002-10-01,1118,D,999.94
1,8,2002-10-01,1202,D,40869.44
1,9,2002-10-01,1203,D,7402.07
1,10,2002-10-01,1205,D,30.0
1,11,2002-10-01,1209,D,500.0
1,12,2002-10-01,1210,D,210.0
1,13,2002-10-01,1302,D,730.0
1,14,2002-10-01,1402,D,26742.38
1,15,2002-10-01,1501,D,85546.34
1,16,2002-10-01,1502,D,2105796.33
1,17,2002-10-01,1504,D,89795.73
1,18,2002-10-01,1508,D,89067.14
1,19,2002-10-01,1510,D,54418.53
1,20,2002-10-01,1116,H,447.01
1,21,2002-10-01,1503,H,547270.26
1,22,2002-10-01,1505,H,66107.0
1,23,2002-10-01,1509,H,72722.27
1,24,2002-10-01,1511,H,47987.52
1,25,2002-10-01,2102,H,2426.8
1,26,2002-10-01,2108,H,3207.6
1,27,2002-10-01,2117,H,2798.94
1,28,2002-10-01,2119,H,553.3
1,29,2002-10-01,2201,H,3789.44
1,30,2002-10-01,2202,H,1465.26
1,31,2002-10-01,2203,H,501.37
1,32,2002-10-01,2204,H,114.31
1,33,2002-10-01,2205,H,122.25
1,34,2002-10-01,3101,H,0.01
1,35,2002-10-01,3102,H,1250360.29
1,36,2002-10-01,3301,H,517067.28
2,1,2002-10-01,1104,D,5.0
2,2,2002-10-01,4111,H,5.0
3,1,2002-10-01,1104,D,130.0
3,2,2002-10-01,4102,H,100.0
3,3,2002-10-01,4106,H,30.0
4,1,2002-10-01,1104,D,35.0
4,2,2002-10-01,4111,H,30.0
4,3,2002-10-01,4111,H,5.0
5,1,2002-10-01,1104,D,5.0
5,2,2002-10-01,4111,H,5.0
6,1,2002-10-01,1104,D,100.0
6,2,2002-10-01,4102,H,100.0
7,1,2002-10-01,1104,D,210.0
7,2,2002-10-01,4106,H,30.0
7,3,2002-10-01,4106,H,20.0
7,4,2002-10-01,4106,H,90.0
7,5,2002-10-01,4106,H,30.0
7,6,2002-10-01,4106,H,40.0
8,1,2002-10-01,1118,D,100.0
8,2,2002-10-01,1106,H,100.0
9,1,2002-10-01,1116,D,100.0
9,2,2002-10-01,1106,H,100.0
10,1,2002-10-01,1116,D,120.0
10,2,2002-10-01,1106,H,120.0
11,1,2002-10-01,1116,D,120.0
11,2,2002-10-01,1106,H,120.0
12,1,2002-10-01,1116,D,50.0
12,2,2002-10-01,1106,H,50.0
13,1,2002-10-01,5118,D,6.25
13,2,2002-10-01,1118,H,6.25
14,1,2002-10-01,5134,D,29.78
14,2,2002-10-01,5118,D,0.94
14,3,2002-10-01,1118,H,29.78
14,4,2002-10-01,1118,H,0.94
15,1,2002-10-01,2201,D,347.67
15,2,2002-10-01,1118,H,347.67
16,1,2002-10-01,2201,D,261.14
16,2,2002-10-01,1118,H,261.14
17,1,2002-10-01,2201,D,271.24
17,2,2002-10-01,1118,H,271.24
18,1,2002-10-01,2201,D,250.76
18,2,2002-10-01,1118,H,250.76
19,1,2002-10-01,2201,D,186.23
19,2,2002-10-01,1118,H,186.23
20,1,2002-10-01,2201,D,65.17
20,2,2002-10-01,1118,H,65.17
21,1,2002-10-01,5118,D,14.91
21,2,2002-10-01,5118,D,0.02
21,3,2002-10-01,1116,H,14.93
22,1,2002-10-01,1104,D,3388.0
22,2,2002-10-01,4110,H,2058.0
22,3,2002-10-01,2113,H,742.0
22,4,2002-10-01,2118,H,588.0
23,1,2002-10-01,1116,D,50.0
23,2,2002-10-01,1106,H,50.0
24,1,2002-10-01,1116,D,100.0
24,2,2002-10-01,1106,H,100.0
25,1,2002-10-02,1104,D,30.0
25,2,2002-10-02,4101,H,30.0
26,1,2002-10-02,1104,D,30.0
26,2,2002-10-02,4106,H,30.0
27,1,2002-10-02,1104,D,150.0
27,2,2002-10-02,4102,H,100.0
27,3,2002-10-02,4106,H,50.0
28,1,2002-10-02,1104,D,25.0
28,2,2002-10-02,4106,H,25.0
29,1,2002-10-02,1104,D,5.0
29,2,2002-10-02,4111,H,5.0
30,1,2002-10-02,1104,D,50.0
30,2,2002-10-02,4106,H,50.0
31,1,2002-10-02,1104,D,90.0
31,2,2002-10-02,4101,H,30.0
31,3,2002-10-02,4101,H,30.0
31,4,2002-10-02,4101,H,30.0
32,1,2002-10-02,1104,D,30.0
32,2,2002-10-02,4101,H,30.0
33,1,2002-10-02,1104,D,30.0
33,2,2002-10-02,4106,H,30.0
34,1,2002-10-02,1104,D,50.0
34,2,2002-10-02,4106,H,50.0
35,1,2002-10-02,1118,D,20.0
35,2,2002-10-02,1104,H,20.0
36,1,2002-10-02,1118,D,50.0
36,2,2002-10-02,1104,H,50.0
37,1,2002-10-02,1118,D,150.0
37,2,2002-10-02,1104,H,150.0
38,1,2002-10-02,1116,D,60.0
38,2,2002-10-02,1106,H,60.0
39,1,2002-10-02,2102,D,161.5
39,2,2002-10-02,1104,H,161.5
40,1,2002-10-02,5111,D,100.0
40,2,2002-10-02,1104,H,100.0
41,1,2002-10-02,5107,D,118.96
41,2,2002-10-02,1104,H,118.96
42,1,2002-10-02,1118,D,28.92
42,2,2002-10-02,5135,D,1.08
42,3,2002-10-02,1210,H,30.0
43,1,2002-10-03,1104,D,120.0
43,2,2002-10-03,4106,H,120.0
44,1,2002-10-03,1104,D,30.0
44,2,2002-10-03,4111,H,30.0
45,1,2002-10-03,1104,D,30.0
45,2,2002-10-03,4106,H,30.0
46,1,2002-10-03,1210,D,60.0
46,2,2002-10-03,4101,H,30.0
46,3,2002-10-03,4101,H,30.0
47,1,2002-10-03,1104,D,130.0
47,2,2002-10-03,4106,H,80.0
47,3,2002-10-03,4106,H,50.0
48,1,2002-10-03,1104,D,150.0
48,2,2002-10-03,4106,H,120.0
48,3,2002-10-03,4111,H,30.0
49,1,2002-10-03,1104,D,25.0
49,2,2002-10-03,4106,H,25.0
50,1,2002-10-03,1104,D,220.0
50,2,2002-10-03,4102,H,100.0
50,3,2002-10-03,4106,H,120.0
51,1,2002-10-03,1118,D,300.0
51,2,2002-10-03,1104,H,300.0
52,1,2002-10-03,5306,D,300.0
52,2,2002-10-03,1104,H,300.0
53,1,2002-10-03,5101,D,27.0
53,2,2002-10-03,1104,H,27.0
54,1,2002-10-03,5111,D,48.4
54,2,2002-10-03,1104,H,48.4
55,1,2002-10-03,5101,D,34.0
55,2,2002-10-03,1104,H,34.0
56,1,2002-10-03,5118,D,28.0
56,2,2002-10-03,1118,H,28.0
57,1,2002-10-03,5118,D,5.88
57,2,2002-10-03,1118,H,5.88
58,1,2002-10-04,1104,D,60.0
58,2,2002-10-04,4101,H,60.0
59,1,2002-10-04,1104,D,2520.0
59,2,2002-10-04,4108,H,2500.0
59,3,2002-10-04,4212,H,20.0
60,1,2002-10-04,1104,D,30.0
60,2,2002-10-04,4101,H,30.0
61,1,2002-10-04,1104,D,50.0
61,2,2002-10-04,4106,H,25.0
61,3,2002-10-04,4106,H,25.0
62,1,2002-10-04,1104,D,220.0
62,2,2002-10-04,4102,H,100.0
62,3,2002-10-04,4106,H,120.0
63,1,2002-10-04,1104,D,55.0
63,2,2002-10-04,4106,H,55.0
64,1,2002-10-04,1104,D,75.0
64,2,2002-10-04,4106,H,75.0
65,1,2002-10-04,1118,D,200.0
65,2,2002-10-04,1106,H,200.0
66,1,2002-10-04,1118,D,60.0
66,2,2002-10-04,1104,H,60.0
67,1,2002-10-04,1118,D,150.0
67,2,2002-10-04,1104,H,150.0
68,1,2002-10-04,1116,D,50.0
68,2,2002-10-04,1106,H,50.0
69,1,2002-10-04,5308,D,500.0
69,2,2002-10-04,1104,H,500.0
70,1,2002-10-04,5113,D,30.0
70,2,2002-10-04,1104,H,30.0
71,1,2002-10-04,2108,D,57.0
71,2,2002-10-04,1104,H,57.0
72,1,2002-10-04,2203,D,48.6
72,2,2002-10-04,1118,H,48.6
73,1,2002-10-04,2202,D,27.0
73,2,2002-10-04,1118,H,27.0
74,1,2002-10-04,2204,D,114.31
74,2,2002-10-04,1118,H,114.31
75,1,2002-10-04,5101,D,26.27
75,2,2002-10-04,1118,H,26.27
76,1,2002-10-04,2202,D,1438.26
76,2,2002-10-04,2203,D,452.77
76,3,2002-10-04,2205,D,122.25
76,4,2002-10-04,1118,H,1262.33
76,5,2002-10-04,1118,H,750.95
77,1,2002-10-04,5118,D,24.0
77,2,2002-10-04,5118,D,32.0
77,3,2002-10-04,1118,H,24.0
77,4,2002-10-04,1118,H,32.0
78,1,2002-10-04,5118,D,11.76
78,2,2002-10-04,1118,H,11.76
79,1,2002-10-04,2102,D,175.0
79,2,2002-10-04,1104,H,175.0
80,1,2002-10-07,1104,D,40.0
80,2,2002-10-07,4106,H,40.0
81,1,2002-10-07,1104,D,30.0
81,2,2002-10-07,4111,H,30.0
82,1,2002-10-07,1104,D,105.0
82,2,2002-10-07,4212,H,105.0
83,1,2002-10-07,1104,D,60.0
83,2,2002-10-07,1106,D,70.0
83,3,2002-10-07,4106,H,75.0
83,4,2002-10-07,4106,H,35.0
83,5,2002-10-07,4106,H,20.0
84,1,2002-10-07,1104,D,60.0
84,2,2002-10-07,4101,H,30.0
84,3,2002-10-07,4101,H,30.0
85,1,2002-10-07,1104,D,125.0
85,2,2002-10-07,4106,H,120.0
85,3,2002-10-07,4111,H,5.0
86,1,2002-10-07,1104,D,45.0
86,2,2002-10-07,4106,H,45.0
87,1,2002-10-07,1104,D,30.0
87,2,2002-10-07,4101,H,30.0
88,1,2002-10-07,1104,D,55.0
88,2,2002-10-07,4106,H,25.0
88,3,2002-10-07,4111,H,30.0
89,1,2002-10-07,1210,D,30.0
89,2,2002-10-07,4111,H,30.0
90,1,2002-10-07,1104,D,10.0
90,2,2002-10-07,4101,H,10.0
91,1,2002-10-07,1104,D,60.0
91,2,2002-10-07,4106,H,60.0
92,1,2002-10-07,1104,D,220.0
92,2,2002-10-07,4102,H,100.0
92,3,2002-10-07,4106,H,120.0
93,1,2002-10-07,1104,D,30.0
93,2,2002-10-07,4106,H,30.0
94,1,2002-10-07,1104,D,30.0
94,2,2002-10-07,4101,H,30.0
95,1,2002-10-07,1104,D,80.0
95,2,2002-10-07,4106,H,30.0
95,3,2002-10-07,4106,H,25.0
95,4,2002-10-07,4106,H,25.0
96,1,2002-10-07,1104,D,30.0
96,2,2002-10-07,4101,H,30.0
97,1,2002-10-07,1118,D,300.0
97,2,2002-10-07,1106,H,300.0
98,1,2002-10-07,1118,D,1694.0
98,2,2002-10-07,1118,D,1694.0
98,3,2002-10-07,1104,H,3388.0
99,1,2002-10-07,1116,D,120.0
99,2,2002-10-07,1106,H,120.0
100,1,2002-10-07,1116,D,60.0
100,2,2002-10-07,1106,H,60.0
101,1,2002-10-07,2201,D,50.0
101,2,2002-10-07,1104,H,50.0
102,1,2002-10-07,2108,D,678.64
102,2,2002-10-07,1104,H,678.64
103,1,2002-10-07,2108,D,327.42
103,2,2002-10-07,1104,H,327.42
104,1,2002-10-07,2108,D,327.42
104,2,2002-10-07,1104,H,327.42
105,1,2002-10-07,5113,D,54.0
105,2,2002-10-07,1118,H,54.0
106,1,2002-10-07,5118,D,1.5
106,2,2002-10-07,1118,H,1.5
107,1,2002-10-07,5118,D,0.32
107,2,2002-10-07,1118,H,0.32
108,1,2002-10-07,1118,D,57.83
108,2,2002-10-07,5135,D,2.17
108,3,2002-10-07,1210,H,60.0
109,1,2002-10-08,1104,D,130.0
109,2,2002-10-08,4106,H,120.0
109,3,2002-10-08,4111,H,10.0
110,1,2002-10-08,1104,D,105.0
110,2,2002-10-08,4106,H,75.0
110,3,2002-10-08,4111,H,30.0
111,1,2002-10-08,1104,D,60.0
111,2,2002-10-08,4106,H,60.0
112,1,2002-10-08,1104,D,20.0
112,2,2002-10-08,4106,H,20.0
113,1,2002-10-08,1209,D,350.0
113,2,2002-10-08,4103,H,50.0
113,3,2002-10-08,4107,H,300.0
114,1,2002-10-08,1104,D,30.0
114,2,2002-10-08,4101,H,30.0
115,1,2002-10-08,1104,D,220.0
115,2,2002-10-08,4102,H,100.0
115,3,2002-10-08,4106,H,120.0
116,1,2002-10-08,1104,D,60.0
116,2,2002-10-08,4101,H,60.0
117,1,2002-10-08,1209,D,120.0
117,2,2002-10-08,4106,H,120.0
118,1,2002-10-08,1104,D,90.0
118,2,2002-10-08,1106,D,60.0
118,3,2002-10-08,1106,D,30.0
118,4,2002-10-08,4101,H,60.0
118,5,2002-10-08,4101,H,30.0
118,6,2002-10-08,4101,H,30.0
118,7,2002-10-08,4101,H,30.0
118,8,2002-10-08,4101,H,30.0
119,1,2002-10-08,1104,D,59.0
119,2,2002-10-08,1106,D,46.0
119,3,2002-10-08,4106,H,75.0
119,4,2002-10-08,4111,H,30.0
120,1,2002-10-08,1104,D,30.0
120,2,2002-10-08,4101,H,30.0
121,1,2002-10-08,1104,D,350.0
121,2,2002-10-08,1209,H,350.0
122,1,2002-10-08,1104,D,120.0
122,2,2002-10-08,1209,H,120.0
123,1,2002-10-08,1118,D,125.0
123,2,2002-10-08,1106,H,125.0
124,1,2002-10-08,1118,D,120.0
124,2,2002-10-08,1104,H,120.0
125,1,2002-10-08,1118,D,300.0
125,2,2002-10-08,1104,H,300.0
126,1,2002-10-08,1118,D,10.0
126,2,2002-10-08,1104,H,10.0
127,1,2002-10-08,1118,D,54.0
127,2,2002-10-08,1104,H,54.0
128,1,2002-10-08,2108,D,91.5
128,2,2002-10-08,1104,H,91.5
129,1,2002-10-08,2201,D,100.0
129,2,2002-10-08,1104,H,100.0
130,1,2002-10-08,2201,D,50.0
130,2,2002-10-08,1104,H,50.0
131,1,2002-10-08,5306,D,130.0
131,2,2002-10-08,1118,H,120.0
131,3,2002-10-08,1118,H,10.0
132,1,2002-10-08,5306,D,212.5
132,2,2002-10-08,1104,H,212.5
133,1,2002-10-09,1104,D,30.0
133,2,2002-10-09,4101,H,30.0
134,1,2002-10-09,1104,D,75.0
134,2,2002-10-09,4106,H,75.0
135,1,2002-10-09,1104,D,5.0
135,2,2002-10-09,4111,H,5.0
136,1,2002-10-09,1104,D,150.0
136,2,2002-10-09,4106,H,75.0
136,3,2002-10-09,4106,H,75.0
137,1,2002-10-09,1104,D,30.0
137,2,2002-10-09,4101,H,30.0
138,1,2002-10-09,1104,D,50.0
138,2,2002-10-09,4106,H,50.0
139,1,2002-10-09,1205,D,30.0
139,2,2002-10-09,4101,H,30.0
140,1,2002-10-09,1104,D,75.0
140,2,2002-10-09,1106,D,30.0
140,3,2002-10-09,4106,H,30.0
140,4,2002-10-09,4106,H,75.0
141,1,2002-10-09,1104,D,220.0
141,2,2002-10-09,4102,H,100.0
141,3,2002-10-09,4106,H,120.0
142,1,2002-10-09,1104,D,30.0
142,2,2002-10-09,4111,H,30.0
143,1,2002-10-09,1104,D,30.0
143,2,2002-10-09,4101,H,30.0
144,1,2002-10-09,1210,D,30.0
144,2,2002-10-09,4106,H,30.0
145,1,2002-10-09,1104,D,5.0
145,2,2002-10-09,4111,H,5.0
146,1,2002-10-09,1118,D,40.0
146,2,2002-10-09,1104,H,40.0
147,1,2002-10-09,1118,D,300.0
147,2,2002-10-09,1104,H,300.0
148,1,2002-10-09,1118,D,29.6
148,2,2002-10-09,1104,H,29.6
149,1,2002-10-09,1116,D,50.0
149,2,2002-10-09,1106,H,50.0
150,1,2002-10-09,1116,D,100.0
150,2,2002-10-09,1106,H,100.0
151,1,2002-10-09,1116,D,30.0
151,2,2002-10-09,1106,H,30.0
152,1,2002-10-09,2117,D,2798.94
152,2,2002-10-09,5134,D,125.34
152,3,2002-10-09,5118,D,38.42
152,4,2002-10-09,1118,H,2962.7
153,1,2002-10-09,5114,D,21.6
153,2,2002-10-09,1116,H,21.6
154,1,2002-10-09,5111,D,120.69
154,2,2002-10-09,1116,H,120.69
155,1,2002-10-09,5143,D,88.81
155,2,2002-10-09,1116,H,88.81
156,1,2002-10-10,1104,D,30.0
156,2,2002-10-10,4101,H,30.0
157,1,2002-10-10,1104,D,75.0
157,2,2002-10-10,4106,H,75.0
158,1,2002-10-10,1104,D,35.0
158,2,2002-10-10,4111,H,30.0
158,3,2002-10-10,4111,H,5.0
159,1,2002-10-10,1104,D,20.0
159,2,2002-10-10,1106,D,100.0
159,3,2002-10-10,4106,H,120.0
160,1,2002-10-10,1104,D,105.0
160,2,2002-10-10,4107,H,100.0
160,3,2002-10-10,4111,H,5.0
161,1,2002-10-10,1104,D,105.0
161,2,2002-10-10,4106,H,75.0
161,3,2002-10-10,4111,H,30.0
162,1,2002-10-10,1104,D,20.0
162,2,2002-10-10,4106,H,20.0
163,1,2002-10-10,1210,D,105.0
163,2,2002-10-10,4106,H,75.0
163,3,2002-10-10,4111,H,30.0
164,1,2002-10-10,1104,D,5.0
164,2,2002-10-10,4111,H,5.0
165,1,2002-10-10,1104,D,30.0
165,2,2002-10-10,4106,H,30.0
166,1,2002-10-10,1104,D,20.0
166,2,2002-10-10,1106,D,100.0
166,3,2002-10-10,1106,D,100.0
166,4,2002-10-10,4102,H,100.0
166,5,2002-10-10,4106,H,120.0
167,1,2002-10-10,1104,D,30.0
167,2,2002-10-10,4106,H,30.0
168,1,2002-10-10,1104,D,30.0
168,2,2002-10-10,4101,H,30.0
169,1,2002-10-10,1104,D,60.0
169,2,2002-10-10,4106,H,30.0
169,3,2002-10-10,4106,H,30.0
170,1,2002-10-10,1104,D,5.0
170,2,2002-10-10,4111,H,5.0
171,1,2002-10-10,1104,D,90.0
171,2,2002-10-10,4101,H,30.0
171,3,2002-10-10,4101,H,30.0
171,4,2002-10-10,4101,H,30.0
172,1,2002-10-10,1118,D,60.0
172,2,2002-10-10,1106,H,60.0
173,1,2002-10-10,1118,D,20.0
173,2,2002-10-10,1104,H,20.0
174,1,2002-10-10,1118,D,15.0
174,2,2002-10-10,1104,H,15.0
175,1,2002-10-10,1118,D,12.5
175,2,2002-10-10,1104,H,12.5
176,1,2002-10-10,1118,D,120.0
176,2,2002-10-10,1104,H,120.0
177,1,2002-10-10,1118,D,300.0
177,2,2002-10-10,1104,H,300.0
178,1,2002-10-10,1118,D,150.0
178,2,2002-10-10,1104,H,150.0
179,1,2002-10-10,1116,D,120.0
179,2,2002-10-10,1106,H,120.0
180,1,2002-10-10,1116,D,70.0
180,2,2002-10-10,1106,H,70.0
181,1,2002-10-10,2201,D,150.0
181,2,2002-10-10,1104,H,150.0
182,1,2002-10-10,2201,D,150.0
182,2,2002-10-10,1104,H,150.0
183,1,2002-10-10,5116,D,99.11
183,2,2002-10-10,1118,H,99.11
184,1,2002-10-10,5116,D,114.64
184,2,2002-10-10,1118,H,114.64
185,1,2002-10-10,5111,D,27.5
185,2,2002-10-10,1118,H,27.5
186,1,2002-10-10,5107,D,659.5
186,2,2002-10-10,5143,D,58.0
186,3,2002-10-10,1118,H,717.5
187,1,2002-10-10,5116,D,105.0
187,2,2002-10-10,1118,H,105.0
188,1,2002-10-10,5113,D,146.0
188,2,2002-10-10,1118,H,146.0
189,1,2002-10-10,5306,D,227.04
189,2,2002-10-10,1104,H,227.04
190,1,2002-10-10,5306,D,297.06
190,2,2002-10-10,1104,H,297.06
191,1,2002-10-10,5306,D,152.94
191,2,2002-10-10,1104,H,152.94
192,1,2002-10-10,1118,D,125.0
192,2,2002-10-10,1106,H,125.0
193,1,2002-10-10,1118,D,28.33
193,2,2002-10-10,5135,D,1.67
193,3,2002-10-10,1210,H,30.0
194,1,2002-10-10,1118,D,113.31
194,2,2002-10-10,5135,D,6.69
194,3,2002-10-10,1210,H,120.0
195,1,2002-10-10,1118,D,28.33
195,2,2002-10-10,5135,D,1.67
195,3,2002-10-10,1210,H,30.0
196,1,2002-10-10,2102,D,365.4
196,2,2002-10-10,1104,H,215.4
196,3,2002-10-10,1104,H,150.0
197,1,2002-10-11,1104,D,30.0
197,2,2002-10-11,4101,H,30.0
198,1,2002-10-11,1104,D,150.0
198,2,2002-10-11,4106,H,120.0
198,3,2002-10-11,4111,H,30.0
199,1,2002-10-11,1104,D,100.0
199,2,2002-10-11,4102,H,100.0
200,1,2002-10-11,1104,D,30.0
200,2,2002-10-11,4111,H,30.0
201,1,2002-10-11,1104,D,105.0
201,2,2002-10-11,4106,H,75.0
201,3,2002-10-11,4106,H,30.0
202,1,2002-10-11,1104,D,120.0
202,2,2002-10-11,4101,H,30.0
202,3,2002-10-11,4101,H,30.0
202,4,2002-10-11,4101,H,30.0
202,5,2002-10-11,4101,H,30.0
203,1,2002-10-11,1104,D,220.0
203,2,2002-10-11,4102,H,100.0
203,3,2002-10-11,4106,H,120.0
204,1,2002-10-11,1104,D,5.0
204,2,2002-10-11,4111,H,5.0
205,1,2002-10-11,1104,D,30.0
205,2,2002-10-11,4101,H,30.0
206,1,2002-10-11,1104,D,60.0
206,2,2002-10-11,4106,H,30.0
206,3,2002-10-11,4106,H,30.0
207,1,2002-10-11,1104,D,30.0
207,2,2002-10-11,4101,H,30.0
208,1,2002-10-11,1118,D,15.5
208,2,2002-10-11,1104,H,15.5
209,1,2002-10-11,1118,D,16.0
209,2,2002-10-11,1104,H,16.0
210,1,2002-10-11,1118,D,10.0
210,2,2002-10-11,1104,H,10.0
211,1,2002-10-11,1118,D,10.0
211,2,2002-10-11,1104,H,10.0
212,1,2002-10-11,1118,D,4.12
212,2,2002-10-11,1104,H,4.12
213,1,2002-10-11,1118,D,150.0
213,2,2002-10-11,1104,H,150.0
214,1,2002-10-11,1118,D,150.0
214,2,2002-10-11,1104,H,150.0
215,1,2002-10-11,1118,D,150.0
215,2,2002-10-11,1104,H,150.0
216,1,2002-10-11,1116,D,50.0
216,2,2002-10-11,1106,H,50.0
217,1,2002-10-11,1116,D,80.0
217,2,2002-10-11,1106,H,80.0
218,1,2002-10-11,2108,D,150.0
218,2,2002-10-11,1104,H,150.0
219,1,2002-10-11,2108,D,49.25
219,2,2002-10-11,1104,H,49.25
220,1,2002-10-11,2201,D,305.78
220,2,2002-10-11,1118,H,305.78
221,1,2002-10-11,2201,D,285.77
221,2,2002-10-11,1118,H,285.77
222,1,2002-10-11,2201,D,250.48
222,2,2002-10-11,1118,H,250.48
223,1,2002-10-11,2201,D,255.69
223,2,2002-10-11,1118,H,255.69
224,1,2002-10-11,2201,D,238.52
224,2,2002-10-11,1118,H,238.52
225,1,2002-10-11,2201,D,340.86
225,2,2002-10-11,1118,H,340.86
226,1,2002-10-11,1118,D,28.92
226,2,2002-10-11,5135,D,1.08
226,3,2002-10-11,1210,H,30.0
227,1,2002-10-15,1104,D,100.0
227,2,2002-10-15,4107,H,100.0
228,1,2002-10-15,1104,D,105.0
228,2,2002-10-15,4106,H,75.0
228,3,2002-10-15,4111,H,30.0
229,1,2002-10-15,1104,D,50.0
229,2,2002-10-15,4107,H,50.0
230,1,2002-10-15,1104,D,40.0
230,2,2002-10-15,1106,D,30.0
230,3,2002-10-15,1106,D,40.0
230,4,2002-10-15,4106,H,30.0
230,5,2002-10-15,4106,H,45.0
230,6,2002-10-15,4106,H,35.0
231,1,2002-10-15,1104,D,60.0
231,2,2002-10-15,4101,H,30.0
231,3,2002-10-15,4101,H,30.0
232,1,2002-10-15,1104,D,45.0
232,2,2002-10-15,4106,H,45.0
233,1,2002-10-15,1104,D,100.0
233,2,2002-10-15,4102,H,100.0
234,1,2002-10-15,1104,D,30.0
234,2,2002-10-15,4106,H,30.0
235,1,2002-10-15,1104,D,5.0
235,2,2002-10-15,4111,H,5.0
236,1,2002-10-15,1104,D,30.0
236,2,2002-10-15,4106,H,30.0
237,1,2002-10-15,1104,D,10.0
237,2,2002-10-15,4111,H,5.0
237,3,2002-10-15,4111,H,5.0
238,1,2002-10-15,1104,D,30.0
238,2,2002-10-15,4106,H,30.0
239,1,2002-10-15,1104,D,60.0
239,2,2002-10-15,4101,H,30.0
239,3,2002-10-15,4101,H,30.0
240,1,2002-10-15,1104,D,30.0
240,2,2002-10-15,4101,H,30.0
241,1,2002-10-15,1104,D,30.0
241,2,2002-10-15,4101,H,30.0
242,1,2002-10-15,1104,D,30.0
242,2,2002-10-15,4106,H,30.0
243,1,2002-10-15,1104,D,220.0
243,2,2002-10-15,4102,H,100.0
243,3,2002-10-15,4106,H,120.0
244,1,2002-10-15,1104,D,60.0
244,2,2002-10-15,4101,H,30.0
244,3,2002-10-15,4101,H,30.0
245,1,2002-10-15,1104,D,95.0
245,2,2002-10-15,4106,H,20.0
245,3,2002-10-15,4106,H,45.0
245,4,2002-10-15,4106,H,30.0
246,1,2002-10-15,1104,D,30.0
246,2,2002-10-15,4101,H,30.0
247,1,2002-10-15,1104,D,30.0
247,2,2002-10-15,4101,H,30.0
248,1,2002-10-15,1104,D,60.0
248,2,2002-10-15,4101,H,30.0
248,3,2002-10-15,4101,H,30.0
249,1,2002-10-15,1104,D,135.0
249,2,2002-10-15,4106,H,75.0
249,3,2002-10-15,4106,H,30.0
249,4,2002-10-15,4106,H,30.0
250,1,2002-10-15,1104,D,30.0
250,2,2002-10-15,4101,H,30.0
251,1,2002-10-15,1118,D,100.0
251,2,2002-10-15,1106,H,100.0
252,1,2002-10-15,1118,D,100.0
252,2,2002-10-15,1106,H,100.0
253,1,2002-10-15,1118,D,300.0
253,2,2002-10-15,1104,H,300.0
254,1,2002-10-15,1118,D,180.0
254,2,2002-10-15,1104,H,180.0
255,1,2002-10-15,5107,D,44.82
255,2,2002-10-15,1104,H,44.82
256,1,2002-10-15,1118,D,101.19
256,2,2002-10-15,5135,D,3.81
256,3,2002-10-15,1210,H,105.0
257,1,2002-10-15,1118,D,28.19
257,2,2002-10-15,5135,D,1.81
257,3,2002-10-15,1205,H,30.0
258,1,2002-10-15,5306,D,176.0
258,2,2002-10-15,1104,H,176.0
259,1,2002-10-15,5306,D,556.61
259,2,2002-10-15,1104,H,286.35
259,3,2002-10-15,1104,H,35.0
259,4,2002-10-15,1104,H,235.26
260,1,2002-10-16,1104,D,90.0
260,2,2002-10-16,4111,H,60.0
260,3,2002-10-16,4111,H,30.0
261,1,2002-10-16,1104,D,50.0
261,2,2002-10-16,1106,D,300.0
261,3,2002-10-16,4103,H,50.0
261,4,2002-10-16,4107,H,300.0
262,1,2002-10-16,1104,D,60.0
262,2,2002-10-16,4106,H,60.0
263,1,2002-10-16,1104,D,120.0
263,2,2002-10-16,4102,H,100.0
263,3,2002-10-16,4106,H,20.0
264,1,2002-10-16,1210,D,250.0
264,2,2002-10-16,1202,H,250.0
265,1,2002-10-16,1104,D,60.0
265,2,2002-10-16,1106,D,60.0
265,3,2002-10-16,4106,H,60.0
265,4,2002-10-16,4111,H,30.0
265,5,2002-10-16,4106,H,30.0
266,1,2002-10-16,1104,D,60.0
266,2,2002-10-16,4106,H,30.0
266,3,2002-10-16,4106,H,30.0
267,1,2002-10-16,1104,D,100.0
267,2,2002-10-16,4102,H,100.0
268,1,2002-10-16,1104,D,15.0
268,2,2002-10-16,4106,H,15.0
269,1,2002-10-16,1104,D,30.0
269,2,2002-10-16,4101,H,30.0
270,1,2002-10-16,1104,D,120.0
270,2,2002-10-16,4106,H,120.0
271,1,2002-10-16,1104,D,60.0
271,2,2002-10-16,4111,H,30.0
271,3,2002-10-16,4111,H,30.0
272,1,2002-10-16,1104,D,30.0
272,2,2002-10-16,4106,H,30.0
273,1,2002-10-16,1118,D,60.0
273,2,2002-10-16,1104,H,60.0
274,1,2002-10-16,1118,D,400.0
274,2,2002-10-16,1104,H,400.0
275,1,2002-10-16,1118,D,500.0
275,2,2002-10-16,1104,H,500.0
276,1,2002-10-16,5114,D,35.7
276,2,2002-10-16,5111,D,25.54
276,3,2002-10-16,5111,D,23.46
276,4,2002-10-16,5104,D,9.0
276,5,2002-10-16,5111,D,33.5
276,6,2002-10-16,5101,D,5.0
276,7,2002-10-16,5129,D,20.0
276,8,2002-10-16,5108,D,30.8
276,9,2002-10-16,5111,D,15.0
276,10,2002-10-16,1104,H,198.0
277,1,2002-10-16,5128,D,100.0
277,2,2002-10-16,1104,H,100.0
278,1,2002-10-16,5118,D,1.5
278,2,2002-10-16,1118,H,1.5
279,1,2002-10-16,5118,D,0.32
279,2,2002-10-16,1118,H,0.32
280,1,2002-10-16,1118,D,350.0
280,2,2002-10-16,1106,H,350.0
281,1,2002-10-16,1118,D,56.0
281,2,2002-10-16,1202,H,50.0
281,3,2002-10-16,4205,H,6.0
282,1,2002-10-17,1104,D,90.0
282,2,2002-10-17,4101,H,30.0
282,3,2002-10-17,4101,H,30.0
282,4,2002-10-17,4101,H,30.0
283,1,2002-10-17,1104,D,105.0
283,2,2002-10-17,4106,H,75.0
283,3,2002-10-17,4111,H,30.0
284,1,2002-10-17,1104,D,30.0
284,2,2002-10-17,4101,H,30.0
285,1,2002-10-17,1104,D,30.0
285,2,2002-10-17,4101,H,30.0
286,1,2002-10-17,1104,D,30.0
286,2,2002-10-17,4111,H,30.0
287,1,2002-10-17,1104,D,30.0
287,2,2002-10-17,4101,H,30.0
288,1,2002-10-17,1104,D,75.0
288,2,2002-10-17,4106,H,75.0
289,1,2002-10-17,1104,D,45.0
289,2,2002-10-17,4106,H,15.0
289,3,2002-10-17,4111,H,30.0
290,1,2002-10-17,1118,D,7.0
290,2,2002-10-17,1104,H,7.0
291,1,2002-10-17,1118,D,150.0
291,2,2002-10-17,1104,H,150.0
292,1,2002-10-17,1118,D,250.0
292,2,2002-10-17,1104,H,250.0
293,1,2002-10-17,1116,D,30.0
293,2,2002-10-17,1106,H,30.0
294,1,2002-10-17,5308,D,50.0
294,2,2002-10-17,1118,H,50.0
295,1,2002-10-17,2119,D,553.3
295,2,2002-10-17,1118,H,553.3
296,1,2002-10-17,2113,D,742.0
296,2,2002-10-17,1118,H,742.0
297,1,2002-10-17,5111,D,30.0
297,2,2002-10-17,1104,H,30.0
298,1,2002-10-17,5111,D,16.0
298,2,2002-10-17,1104,H,16.0
299,1,2002-10-17,5116,D,100.0
299,2,2002-10-17,1118,H,100.0
300,1,2002-10-18,1104,D,150.0
300,2,2002-10-18,4106,H,120.0
300,3,2002-10-18,4111,H,30.0
301,1,2002-10-18,1104,D,120.0
301,2,2002-10-18,4106,H,120.0
302,1,2002-10-18,1104,D,50.0
302,2,2002-10-18,4106,H,50.0
303,1,2002-10-18,1104,D,15.0
303,2,2002-10-18,1106,D,90.0
303,3,2002-10-18,4106,H,75.0
303,4,2002-10-18,4111,H,30.0
304,1,2002-10-18,1104,D,70.0
304,2,2002-10-18,4106,H,30.0
304,3,2002-10-18,4106,H,40.0
305,1,2002-10-18,1104,D,350.0
305,2,2002-10-18,4103,H,50.0
305,3,2002-10-18,4107,H,300.0
306,1,2002-10-18,1104,D,120.0
306,2,2002-10-18,4101,H,30.0
306,3,2002-10-18,4101,H,30.0
306,4,2002-10-18,4101,H,30.0
306,5,2002-10-18,4101,H,30.0
307,1,2002-10-18,1104,D,30.0
307,2,2002-10-18,4111,H,30.0
308,1,2002-10-18,1104,D,30.0
308,2,2002-10-18,4101,H,30.0
309,1,2002-10-18,1104,D,5.0
309,2,2002-10-18,4111,H,5.0
310,1,2002-10-18,1104,D,30.0
310,2,2002-10-18,4106,H,30.0
311,1,2002-10-18,1118,D,200.0
311,2,2002-10-18,1104,H,200.0
312,1,2002-10-18,1116,D,100.0
312,2,2002-10-18,1106,H,100.0
313,1,2002-10-18,2108,D,150.0
313,2,2002-10-18,1104,H,150.0
314,1,2002-10-18,2201,D,150.0
314,2,2002-10-18,1104,H,150.0
315,1,2002-10-18,5118,D,15.73
315,2,2002-10-18,1118,D,161.5
315,3,2002-10-18,1104,H,177.23
316,1,2002-10-18,2201,D,100.0
316,2,2002-10-18,1104,H,100.0
317,1,2002-10-18,2201,D,100.0
317,2,2002-10-18,1104,H,100.0
318,1,2002-10-18,2108,D,150.0
318,2,2002-10-18,1104,H,150.0
319,1,2002-10-18,5306,D,300.0
319,2,2002-10-18,1104,H,300.0
320,1,2002-10-18,2201,D,100.0
320,2,2002-10-18,1104,H,100.0
321,1,2002-10-20,5143,D,141.97
321,2,2002-10-20,1118,H,141.97
322,1,2002-10-20,5112,D,225.0
322,2,2002-10-20,1116,H,225.0
323,1,2002-10-20,5102,D,164.4
323,2,2002-10-20,1116,H,164.4
324,1,2002-10-20,5101,D,107.33
324,2,2002-10-20,1116,H,107.33
325,1,2002-10-20,5133,D,2151.46
325,2,2002-10-20,1116,H,239.06
325,3,2002-10-20,1116,H,239.06
325,4,2002-10-20,1116,H,239.06
325,5,2002-10-20,1116,H,239.06
325,6,2002-10-20,1116,H,239.06
325,7,2002-10-20,1116,H,239.06
325,8,2002-10-20,1116,H,239.06
325,9,2002-10-20,1116,H,239.06
325,10,2002-10-20,1116,H,238.98
326,1,2002-10-21,1104,D,30.0
326,2,2002-10-21,4101,H,30.0
327,1,2002-10-21,1104,D,50.0
327,2,2002-10-21,4106,H,50.0
328,1,2002-10-21,1104,D,30.0
328,2,2002-10-21,4111,H,30.0
329,1,2002-10-21,1104,D,140.0
329,2,2002-10-21,4102,H,100.0
329,3,2002-10-21,4106,H,40.0
330,1,2002-10-21,1104,D,30.0
330,2,2002-10-21,4101,H,30.0
331,1,2002-10-21,1104,D,20.0
331,2,2002-10-21,4106,H,20.0
332,1,2002-10-21,1104,D,60.0
332,2,2002-10-21,4101,H,30.0
332,3,2002-10-21,4101,H,30.0
333,1,2002-10-21,1104,D,45.0
333,2,2002-10-21,4106,H,45.0
334,1,2002-10-21,1104,D,100.0
334,2,2002-10-21,4102,H,100.0
335,1,2002-10-21,1118,D,150.0
335,2,2002-10-21,1106,H,150.0
336,1,2002-10-21,5118,D,5.0
336,2,2002-10-21,1118,H,5.0
337,1,2002-10-21,5112,D,150.0
337,2,2002-10-21,1104,H,150.0
338,1,2002-10-21,2201,D,250.0
338,2,2002-10-21,1104,H,250.0
339,1,2002-10-21,5118,D,28.0
339,2,2002-10-21,1118,H,28.0
340,1,2002-10-21,5118,D,5.88
340,2,2002-10-21,1118,H,5.88
341,1,2002-10-22,1104,D,30.0
341,2,2002-10-22,4101,H,30.0
342,1,2002-10-22,1104,D,30.0
342,2,2002-10-22,4111,H,30.0
343,1,2002-10-22,1104,D,30.0
343,2,2002-10-22,4106,H,30.0
344,1,2002-10-22,1104,D,40.0
344,2,2002-10-22,4106,H,40.0
345,1,2002-10-22,1104,D,30.0
345,2,2002-10-22,4101,H,30.0
346,1,2002-10-22,1104,D,30.0
346,2,2002-10-22,4111,H,30.0
347,1,2002-10-22,1104,D,30.0
347,2,2002-10-22,4101,H,30.0
348,1,2002-10-22,1104,D,30.0
348,2,2002-10-22,1106,D,75.0
348,3,2002-10-22,4106,H,75.0
348,4,2002-10-22,4111,H,30.0
349,1,2002-10-22,1104,D,30.0
349,2,2002-10-22,1106,D,60.0
349,3,2002-10-22,4101,H,30.0
349,4,2002-10-22,4101,H,30.0
349,5,2002-10-22,4101,H,30.0
350,1,2002-10-22,1104,D,20.0
350,2,2002-10-22,1106,D,25.0
350,3,2002-10-22,4106,H,45.0
351,1,2002-10-22,1104,D,30.0
351,2,2002-10-22,1106,D,30.0
351,3,2002-10-22,1106,D,60.0
351,4,2002-10-22,4101,H,30.0
351,5,2002-10-22,4101,H,30.0
351,6,2002-10-22,4101,H,30.0
351,7,2002-10-22,4101,H,30.0
352,1,2002-10-22,1118,D,50.0
352,2,2002-10-22,1106,H,50.0
353,1,2002-10-22,1118,D,68.5
353,2,2002-10-22,1104,H,68.5
354,1,2002-10-22,1118,D,250.0
354,2,2002-10-22,1104,H,250.0
355,1,2002-10-22,1118,D,50.0
355,2,2002-10-22,1104,H,50.0
356,1,2002-10-22,1118,D,20.0
356,2,2002-10-22,1104,H,20.0
357,1,2002-10-22,1118,D,17.77
357,2,2002-10-22,1104,H,17.77
358,1,2002-10-22,1118,D,150.0
358,2,2002-10-22,1104,H,150.0
359,1,2002-10-22,1116,D,50.0
359,2,2002-10-22,1104,H,50.0
360,1,2002-10-22,2201,D,150.0
360,2,2002-10-22,1104,H,150.0
361,1,2002-10-22,2102,D,175.0
361,2,2002-10-22,1104,H,175.0
362,1,2002-10-22,2201,D,100.0
362,2,2002-10-22,1104,H,100.0
363,1,2002-10-22,5113,D,60.0
363,2,2002-10-22,1104,H,60.0
364,1,2002-10-22,2108,D,24.0
364,2,2002-10-22,1104,H,24.0
365,1,2002-10-23,1104,D,30.0
365,2,2002-10-23,4111,H,30.0
366,1,2002-10-23,1104,D,100.0
366,2,2002-10-23,4106,H,30.0
366,3,2002-10-23,4106,H,20.0
366,4,2002-10-23,4106,H,50.0
367,1,2002-10-23,1104,D,150.0
367,2,2002-10-23,4106,H,120.0
367,3,2002-10-23,4106,H,30.0
368,1,2002-10-23,1104,D,30.0
368,2,2002-10-23,4101,H,30.0
369,1,2002-10-23,1104,D,25.0
369,2,2002-10-23,4106,H,25.0
370,1,2002-10-23,1104,D,5.0
370,2,2002-10-23,4111,H,5.0
371,1,2002-10-23,1118,D,120.0
371,2,2002-10-23,1104,H,120.0
372,1,2002-10-23,1116,D,45.0
372,2,2002-10-23,1106,H,45.0
373,1,2002-10-23,5105,D,162.16
373,2,2002-10-23,1118,H,162.16
374,1,2002-10-23,2102,D,161.5
374,2,2002-10-23,1118,H,161.5
375,1,2002-10-23,5116,D,110.5
375,2,2002-10-23,1118,H,110.5
376,1,2002-10-23,1118,D,236.07
376,2,2002-10-23,5135,D,13.93
376,3,2002-10-23,1210,H,250.0
377,1,2002-10-24,1104,D,30.0
377,2,2002-10-24,1106,D,30.0
377,3,2002-10-24,4101,H,30.0
377,4,2002-10-24,4101,H,30.0
378,1,2002-10-24,1106,D,105.0
378,2,2002-10-24,4106,H,30.0
378,3,2002-10-24,4106,H,75.0
379,1,2002-10-24,1104,D,60.0
379,2,2002-10-24,4101,H,30.0
379,3,2002-10-24,4101,H,30.0
380,1,2002-10-24,1104,D,50.0
380,2,2002-10-24,4106,H,25.0
380,3,2002-10-24,4106,H,25.0
381,1,2002-10-24,1104,D,30.0
381,2,2002-10-24,4101,H,30.0
382,1,2002-10-24,1104,D,25.0
382,2,2002-10-24,1106,D,35.0
382,3,2002-10-24,4106,H,60.0
383,1,2002-10-24,1104,D,30.0
383,2,2002-10-24,4101,H,30.0
384,1,2002-10-24,1118,D,120.0
384,2,2002-10-24,1104,H,120.0
385,1,2002-10-24,2201,D,150.0
385,2,2002-10-24,1104,H,150.0
386,1,2002-10-24,2201,D,50.0
386,2,2002-10-24,1104,H,50.0
387,1,2002-10-24,2201,D,20.0
387,2,2002-10-24,1104,H,20.0
388,1,2002-10-24,5104,D,4.95
388,2,2002-10-24,1104,H,4.95
389,1,2002-10-25,1104,D,100.0
389,2,2002-10-25,4102,H,100.0
390,1,2002-10-25,1104,D,55.0
390,2,2002-10-25,1106,D,30.0
390,3,2002-10-25,4106,H,20.0
390,4,2002-10-25,4106,H,20.0
390,5,2002-10-25,4106,H,15.0
390,6,2002-10-25,4106,H,30.0
391,1,2002-10-25,1104,D,30.0
391,2,2002-10-25,4101,H,30.0
392,1,2002-10-25,1104,D,120.0
392,2,2002-10-25,4106,H,120.0
393,1,2002-10-25,1104,D,40.0
393,2,2002-10-25,1106,D,70.0
393,3,2002-10-25,4106,H,75.0
393,4,2002-10-25,4106,H,35.0
394,1,2002-10-25,1104,D,90.0
394,2,2002-10-25,4101,H,30.0
394,3,2002-10-25,4101,H,30.0
394,4,2002-10-25,4101,H,30.0
395,1,2002-10-25,1104,D,40.0
395,2,2002-10-25,4106,H,20.0
395,3,2002-10-25,4106,H,20.0
396,1,2002-10-25,1118,D,250.0
396,2,2002-10-25,1104,H,250.0
397,1,2002-10-25,1116,D,50.0
397,2,2002-10-25,1106,H,50.0
398,1,2002-10-25,5113,D,35.0
398,2,2002-10-25,1104,H,35.0
399,1,2002-10-25,2201,D,20.0
399,2,2002-10-25,1104,H,20.0
400,1,2002-10-25,5306,D,150.0
400,2,2002-10-25,1104,H,150.0
401,1,2002-10-25,2201,D,50.0
401,2,2002-10-25,1104,H,50.0
402,1,2002-10-25,2201,D,100.0
402,2,2002-10-25,1104,H,100.0
403,1,2002-10-25,2201,D,60.0
403,2,2002-10-25,1104,H,60.0
404,1,2002-10-25,5118,D,24.0
404,2,2002-10-25,1118,H,24.0
405,1,2002-10-25,5118,D,28.0
405,2,2002-10-25,1118,H,28.0
406,1,2002-10-25,5118,D,10.92
406,2,2002-10-25,1118,H,10.92
407,1,2002-10-28,1104,D,20.0
407,2,2002-10-28,4106,H,20.0
408,1,2002-10-28,1104,D,120.0
408,2,2002-10-28,4101,H,30.0
408,3,2002-10-28,4101,H,60.0
408,4,2002-10-28,4101,H,30.0
409,1,2002-10-28,1104,D,30.0
409,2,2002-10-28,4101,H,30.0
410,1,2002-10-28,1104,D,120.0
410,2,2002-10-28,1106,D,100.0
410,3,2002-10-28,4102,H,100.0
410,4,2002-10-28,4106,H,120.0
411,1,2002-10-28,1104,D,30.0
411,2,2002-10-28,4111,H,30.0
412,1,2002-10-28,1104,D,20.0
412,2,2002-10-28,4106,H,20.0
413,1,2002-10-28,1104,D,20.0
413,2,2002-10-28,4106,H,20.0
414,1,2002-10-28,1104,D,30.0
414,2,2002-10-28,4101,H,30.0
415,1,2002-10-28,1104,D,694.81
415,2,2002-10-28,4205,H,694.81
416,1,2002-10-28,1118,D,600.0
416,2,2002-10-28,1104,H,600.0
417,1,2002-10-28,1116,D,20.0
417,2,2002-10-28,1106,H,20.0
418,1,2002-10-28,1116,D,120.0
418,2,2002-10-28,1106,H,120.0
419,1,2002-10-28,1116,D,20.0
419,2,2002-10-28,1106,H,20.0
420,1,2002-10-28,5306,D,200.0
420,2,2002-10-28,1104,H,200.0
421,1,2002-10-28,2108,D,68.0
421,2,2002-10-28,1104,H,68.0
422,1,2002-10-28,5105,D,1389.62
422,2,2002-10-28,1118,H,1389.62
423,1,2002-10-28,5127,D,30.0
423,2,2002-10-28,1118,H,30.0
424,1,2002-10-28,5133,D,2151.54
424,2,2002-10-28,1118,H,239.06
424,3,2002-10-28,1118,H,239.06
424,4,2002-10-28,1118,H,239.06
424,5,2002-10-28,1118,H,239.06
424,6,2002-10-28,1118,H,239.06
424,7,2002-10-28,1118,H,239.06
424,8,2002-10-28,1118,H,239.06
424,9,2002-10-28,1118,H,239.06
424,10,2002-10-28,1118,H,239.06
425,1,2002-10-28,5106,D,205.28
425,2,2002-10-28,1118,H,205.28
426,1,2002-10-28,5112,D,78.71
426,2,2002-10-28,1118,H,78.71
427,1,2002-10-28,5118,D,1.0
427,2,2002-10-28,1116,H,1.0
428,1,2002-10-29,1104,D,30.0
428,2,2002-10-29,4106,H,30.0
429,1,2002-10-29,1104,D,30.0
429,2,2002-10-29,1205,D,30.0
429,3,2002-10-29,4101,H,30.0
429,4,2002-10-29,4101,H,30.0
430,1,2002-10-29,1104,D,30.0
430,2,2002-10-29,4111,H,30.0
431,1,2002-10-29,1209,D,100.0
431,2,2002-10-29,4215,H,82.64
431,3,2002-10-29,2118,H,17.36
432,1,2002-10-29,1104,D,120.0
432,2,2002-10-29,4106,H,120.0
433,1,2002-10-29,1104,D,20.0
433,2,2002-10-29,4106,H,20.0
434,1,2002-10-29,1104,D,30.0
434,2,2002-10-29,4101,H,30.0
435,1,2002-10-29,1104,D,105.0
435,2,2002-10-29,1106,D,120.0
435,3,2002-10-29,4102,H,100.0
435,4,2002-10-29,4106,H,120.0
435,5,2002-10-29,4111,H,5.0
436,1,2002-10-29,1104,D,30.0
436,2,2002-10-29,4101,H,30.0
437,1,2002-10-29,1104,D,5.0
437,2,2002-10-29,4111,H,5.0
438,1,2002-10-29,1104,D,25.0
438,2,2002-10-29,1210,D,75.0
438,3,2002-10-29,4106,H,25.0
438,4,2002-10-29,4106,H,75.0
439,1,2002-10-29,1104,D,120.0
439,2,2002-10-29,4101,H,30.0
439,3,2002-10-29,4101,H,30.0
439,4,2002-10-29,4101,H,30.0
439,5,2002-10-29,4101,H,30.0
440,1,2002-10-29,1104,D,30.0
440,2,2002-10-29,4101,H,30.0
441,1,2002-10-29,1104,D,60.0
441,2,2002-10-29,4106,H,60.0
442,1,2002-10-29,1209,D,100.0
442,2,2002-10-29,4215,H,82.64
442,3,2002-10-29,2118,H,17.36
443,1,2002-10-29,1104,D,10.0
443,2,2002-10-29,4111,H,5.0
443,3,2002-10-29,4111,H,5.0
444,1,2002-10-29,1104,D,20.0
444,2,2002-10-29,4106,H,20.0
445,1,2002-10-29,1104,D,5.0
445,2,2002-10-29,4111,H,5.0
446,1,2002-10-29,1106,D,100.0
446,2,2002-10-29,4106,H,100.0
447,1,2002-10-29,1104,D,60.0
447,2,2002-10-29,4101,H,30.0
447,3,2002-10-29,4101,H,30.0
448,1,2002-10-29,1104,D,5.0
448,2,2002-10-29,4111,H,5.0
449,1,2002-10-29,1104,D,85.0
449,2,2002-10-29,1106,D,70.0
449,3,2002-10-29,4106,H,30.0
449,4,2002-10-29,4106,H,75.0
449,5,2002-10-29,4106,H,50.0
450,1,2002-10-29,1118,D,300.0
450,2,2002-10-29,1104,H,300.0
451,1,2002-10-29,1116,D,60.0
451,2,2002-10-29,1106,H,60.0
452,1,2002-10-29,2108,D,107.0
452,2,2002-10-29,2108,D,100.0
452,3,2002-10-29,1104,H,207.0
453,1,2002-10-29,5116,D,25.0
453,2,2002-10-29,1118,H,25.0
454,1,2002-10-29,5116,D,62.22
454,2,2002-10-29,1118,H,62.22
455,1,2002-10-29,5104,D,7.9
455,2,2002-10-29,1104,H,7.9
456,1,2002-10-29,5118,D,1.0
456,2,2002-10-29,1116,H,1.0
457,1,2002-10-30,1118,D,250.0
457,2,2002-10-30,1104,H,250.0
458,1,2002-10-30,1118,D,70.0
458,2,2002-10-30,1104,H,70.0
459,1,2002-10-30,1118,D,15.0
459,2,2002-10-30,1104,H,15.0
460,1,2002-10-30,1118,D,41.0
460,2,2002-10-30,1104,H,41.0
461,1,2002-10-30,2108,D,100.0
461,2,2002-10-30,1104,H,100.0
462,1,2002-10-30,5113,D,20.0
462,2,2002-10-30,1104,H,20.0
463,1,2002-10-30,5118,D,12.0
463,2,2002-10-30,1116,H,12.0
464,1,2002-10-30,5112,D,360.0
464,2,2002-10-30,1104,H,360.0
465,1,2002-10-30,5306,D,212.5
465,2,2002-10-30,1104,H,212.5
466,1,2002-10-30,2108,D,184.0
466,2,2002-10-30,1104,H,184.0
467,1,2002-10-31,1104,D,30.0
467,2,2002-10-31,4101,H,30.0
468,1,2002-10-31,1104,D,20.0
468,2,2002-10-31,4111,H,20.0
469,1,2002-10-31,1104,D,30.0
469,2,2002-10-31,4101,H,30.0
470,1,2002-10-31,1104,D,40.0
470,2,2002-10-31,4106,H,40.0
471,1,2002-10-31,1104,D,105.0
471,2,2002-10-31,4107,H,100.0
471,3,2002-10-31,4111,H,5.0
472,1,2002-10-31,1104,D,125.0
472,2,2002-10-31,4106,H,120.0
472,3,2002-10-31,4111,H,5.0
473,1,2002-10-31,1104,D,45.0
473,2,2002-10-31,4106,H,45.0
474,1,2002-10-31,1106,D,30.0
474,2,2002-10-31,4106,H,30.0
475,1,2002-10-31,1104,D,25.0
475,2,2002-10-31,4106,H,25.0
476,1,2002-10-31,1104,D,30.0
476,2,2002-10-31,4101,H,30.0
477,1,2002-10-31,1104,D,30.0
477,2,2002-10-31,4111,H,30.0
478,1,2002-10-31,1104,D,60.0
478,2,2002-10-31,4101,H,60.0
479,1,2002-10-31,1104,D,90.0
479,2,2002-10-31,1106,D,60.0
479,3,2002-10-31,4106,H,30.0
479,4,2002-10-31,4106,H,120.0
480,1,2002-10-31,1106,D,100.0
480,2,2002-10-31,1203,H,100.0
481,1,2002-10-31,1104,D,60.0
481,2,2002-10-31,4106,H,30.0
481,3,2002-10-31,4106,H,10.0
481,4,2002-10-31,4106,H,20.0
482,1,2002-10-31,1104,D,60.0
482,2,2002-10-31,4101,H,30.0
482,3,2002-10-31,4101,H,30.0
483,1,2002-10-31,1104,D,220.0
483,2,2002-10-31,4102,H,100.0
483,3,2002-10-31,4106,H,120.0
484,1,2002-10-31,1104,D,150.0
484,2,2002-10-31,4106,H,45.0
484,3,2002-10-31,4106,H,30.0
484,4,2002-10-31,4106,H,75.0
485,1,2002-10-31,1104,D,5.0
485,2,2002-10-31,4111,H,5.0
486,1,2002-10-31,1104,D,10.0
486,2,2002-10-31,4106,H,10.0
487,1,2002-10-31,1104,D,5.0
487,2,2002-10-31,4111,H,5.0
488,1,2002-10-31,1104,D,120.0
488,2,2002-10-31,4102,H,100.0
488,3,2002-10-31,4106,H,20.0
489,1,2002-10-31,1104,D,100.0
489,2,2002-10-31,4106,H,30.0
489,3,2002-10-31,4106,H,30.0
489,4,2002-10-31,4106,H,30.0
489,5,2002-10-31,4106,H,10.0
490,1,2002-10-31,1104,D,220.0
490,2,2002-10-31,4102,H,100.0
490,3,2002-10-31,4106,H,120.0
491,1,2002-10-31,1104,D,5.0
491,2,2002-10-31,4111,H,5.0
492,1,2002-10-31,1104,D,120.0
492,2,2002-10-31,4106,H,30.0
492,3,2002-10-31,4106,H,60.0
492,4,2002-10-31,4106,H,30.0
493,1,2002-10-31,1104,D,30.0
493,2,2002-10-31,4106,H,30.0
494,1,2002-10-31,1104,D,60.0
494,2,2002-10-31,4101,H,30.0
494,3,2002-10-31,4101,H,30.0
495,1,2002-10-31,1104,D,90.0
495,2,2002-10-31,4106,H,30.0
495,3,2002-10-31,4106,H,30.0
495,4,2002-10-31,4106,H,30.0
496,1,2002-10-31,1104,D,30.0
496,2,2002-10-31,4101,H,30.0
497,1,2002-10-31,1104,D,60.0
497,2,2002-10-31,4106,H,30.0
497,3,2002-10-31,4106,H,30.0
498,1,2002-10-31,1104,D,60.0
498,2,2002-10-31,4101,H,30.0
498,3,2002-10-31,4101,H,30.0
499,1,2002-10-31,1104,D,60.0
499,2,2002-10-31,4106,H,60.0
500,1,2002-10-31,1104,D,30.0
500,2,2002-10-31,4101,H,30.0
501,1,2002-10-31,1104,D,145.0
501,2,2002-10-31,4106,H,25.0
501,3,2002-10-31,4106,H,120.0
502,1,2002-10-31,1118,D,30.75
502,2,2002-10-31,1104,H,30.75
503,1,2002-10-31,1118,D,6.0
503,2,2002-10-31,1104,H,6.0
504,1,2002-10-31,1118,D,30.0
504,2,2002-10-31,1104,H,30.0
505,1,2002-10-31,1118,D,20.0
505,2,2002-10-31,1104,H,20.0
506,1,2002-10-31,1118,D,5.0
506,2,2002-10-31,1104,H,5.0
507,1,2002-10-31,1118,D,47.0
507,2,2002-10-31,1104,H,47.0
508,1,2002-10-31,1118,D,22.31
508,2,2002-10-31,1104,H,22.31
509,1,2002-10-31,1116,D,100.0
509,2,2002-10-31,1106,H,100.0
510,1,2002-10-31,5114,D,27.89
510,2,2002-10-31,5111,D,12.4
510,3,2002-10-31,5101,D,42.5
510,4,2002-10-31,5111,D,52.1
510,5,2002-10-31,5108,D,47.11
510,6,2002-10-31,1104,H,182.0
511,1,2002-10-31,5306,D,250.0
511,2,2002-10-31,1104,H,250.0
512,1,2002-10-31,5140,D,166.8
512,2,2002-10-31,1118,H,166.8
513,1,2002-10-31,5118,D,5.6
513,2,2002-10-31,1116,H,5.6
514,1,2002-10-31,5118,D,50.4
514,2,2002-10-31,1116,H,50.4
515,1,2002-10-31,5140,D,10.09
515,2,2002-10-31,1116,H,10.09
516,1,2002-10-31,1118,D,28.92
516,2,2002-10-31,5135,D,1.08
516,3,2002-10-31,1210,H,30.0
517,1,2002-10-31,5201,D,2859.44
517,2,2002-10-31,5203,D,852.92
517,3,2002-10-31,5204,D,171.56
517,4,2002-10-31,5205,D,772.06
517,5,2002-10-31,5206,D,52.73
517,6,2002-10-31,5207,D,956.4
517,7,2002-10-31,5208,D,325.4
517,8,2002-10-31,5210,D,101.79
517,9,2002-10-31,5211,D,183.02
517,10,2002-10-31,5212,D,250.93
517,11,2002-10-31,5214,D,114.15
517,12,2002-10-31,5216,D,600.0
517,13,2002-10-31,2201,H,5180.66
517,14,2002-10-31,2202,H,1360.68
517,15,2002-10-31,2203,H,480.01
517,16,2002-10-31,2204,H,104.9
517,17,2002-10-31,2205,H,114.15
518,1,2002-10-31,2118,D,622.72
518,2,2002-10-31,2119,H,622.72
519,1,2002-10-31,5306,D,556.61
519,2,2002-10-31,1104,H,379.92
519,3,2002-10-31,1104,H,176.69
520,1,2002-10-31,5306,D,522.0
520,2,2002-10-31,5306,D,500.0
520,3,2002-10-31,5306,D,250.0
520,4,2002-10-31,2102,H,522.0
520,5,2002-10-31,2102,H,500.0
520,6,2002-10-31,2102,H,250.0
521,1,2002-10-31,5306,D,190.0
521,2,2002-10-31,5306,D,190.0
521,3,2002-10-31,2102,H,190.0
521,4,2002-10-31,2102,H,190.0
522,1,2002-10-31,5121,D,4714.11
522,2,2002-10-31,1503,H,3509.66
522,3,2002-10-31,1505,H,320.8
522,4,2002-10-31,1509,H,705.05
522,5,2002-10-31,1511,H,178.6
523,1,2002-10-31,5301,D,1069.57
523,2,2002-10-31,5301,D,1018.64
523,3,2002-10-31,5301,D,327.42
523,4,2002-10-31,5301,D,327.42
523,5,2002-10-31,5301,D,150.0
523,6,2002-10-31,2108,H,1069.57
523,7,2002-10-31,2108,H,1018.64
523,8,2002-10-31,2108,H,327.42
523,9,2002-10-31,2108,H,327.42
523,10,2002-10-31,2108,H,150.0
524,1,2002-10-31,1118,D,230.0
524,2,2002-10-31,1104,H,230.0
525,1,2002-11-01,1104,D,3388.0
525,2,2002-11-01,4110,H,2058.0
525,3,2002-11-01,2113,H,742.0
525,4,2002-11-01,2118,H,588.0
526,1,2002-11-01,1104,D,30.0
526,2,2002-11-01,4101,H,30.0
527,1,2002-11-01,1104,D,110.0
527,2,2002-11-01,4106,H,80.0
527,3,2002-11-01,4106,H,30.0
528,1,2002-11-01,1104,D,120.0
528,2,2002-11-01,4101,H,120.0
529,1,2002-11-01,1104,D,30.0
529,2,2002-11-01,4106,H,10.0
529,3,2002-11-01,4106,H,20.0
530,1,2002-11-01,1104,D,60.0
530,2,2002-11-01,4101,H,60.0
531,1,2002-11-01,1104,D,185.0
531,2,2002-11-01,4106,H,120.0
531,3,2002-11-01,4111,H,5.0
531,4,2002-11-01,4106,H,30.0
531,5,2002-11-01,4106,H,30.0
532,1,2002-11-01,1104,D,88.27
532,2,2002-11-01,4205,H,88.27
533,1,2002-11-04,1104,D,35.0
533,2,2002-11-04,4106,H,35.0
534,1,2002-11-04,1104,D,90.0
534,2,2002-11-04,4101,H,90.0
535,1,2002-11-04,1104,D,90.0
535,2,2002-11-04,1210,D,70.0
535,3,2002-11-04,4106,H,70.0
535,4,2002-11-04,4106,H,20.0
535,5,2002-11-04,4106,H,70.0
536,1,2002-11-04,1104,D,30.0
536,2,2002-11-04,4101,H,30.0
537,1,2002-11-04,1104,D,125.0
537,2,2002-11-04,4106,H,120.0
537,3,2002-11-04,4111,H,5.0
538,1,2002-11-04,1104,D,350.0
538,2,2002-11-04,4103,H,50.0
538,3,2002-11-04,4107,H,300.0
539,1,2002-11-04,1104,D,60.0
539,2,2002-11-04,4106,H,30.0
539,3,2002-11-04,4101,H,30.0
540,1,2002-11-04,1104,D,30.0
540,2,2002-11-04,4101,H,30.0
541,1,2002-11-04,1104,D,85.0
541,2,2002-11-04,4106,H,10.0
541,3,2002-11-04,4106,H,30.0
541,4,2002-11-04,4106,H,45.0
542,1,2002-11-04,1104,D,30.0
542,2,2002-11-04,4101,H,30.0
543,1,2002-11-04,1104,D,160.0
543,2,2002-11-04,4106,H,60.0
543,3,2002-11-04,4106,H,100.0
544,1,2002-11-05,1104,D,60.0
544,2,2002-11-05,4101,H,60.0
545,1,2002-11-05,1104,D,50.0
545,2,2002-11-05,4106,H,20.0
545,3,2002-11-05,4101,H,30.0
546,1,2002-11-05,1104,D,210.0
546,2,2002-11-05,4102,H,100.0
546,3,2002-11-05,4106,H,60.0
546,4,2002-11-05,4106,H,50.0
547,1,2002-11-05,1104,D,60.0
547,2,2002-11-05,4106,H,15.0
547,3,2002-11-05,4101,H,45.0
548,1,2002-11-05,1104,D,30.0
548,2,2002-11-05,4101,H,30.0
549,1,2002-11-05,1104,D,5.0
549,2,2002-11-05,4205,H,5.0
550,1,2002-11-05,1104,D,50.0
550,2,2002-11-05,4106,H,20.0
550,3,2002-11-05,4106,H,30.0
551,1,2002-11-06,1104,D,30.0
551,2,2002-11-06,4101,H,30.0
552,1,2002-11-06,1104,D,70.0
552,2,2002-11-06,4106,H,70.0
553,1,2002-11-06,1104,D,30.0
553,2,2002-11-06,4101,H,30.0
554,1,2002-11-06,1104,D,90.0
554,2,2002-11-06,4106,H,45.0
554,3,2002-11-06,4101,H,45.0
555,1,2002-11-06,1104,D,30.0
555,2,2002-11-06,1106,D,50.0
556,1,2002-11-06,1104,D,30.0
556,2,2002-11-06,4101,H,30.0
557,1,2002-11-06,1104,D,50.0
557,2,2002-11-06,1106,D,100.0
557,3,2002-11-06,4102,H,100.0
558,1,2002-11-06,1104,D,30.0
558,2,2002-11-06,4101,H,30.0
559,1,2002-11-06,1209,D,120.0
559,2,2002-11-06,4101,H,30.0
559,3,2002-11-06,4106,H,30.0
559,4,2002-11-06,4106,H,60.0
560,1,2002-11-06,1104,D,80.0
560,2,2002-11-06,4106,H,80.0
561,1,2002-11-06,1104,D,60.0
561,2,2002-11-06,1209,H,60.0
562,1,2002-11-06,1104,D,60.0
562,2,2002-11-06,1209,H,60.0
563,1,2002-11-07,1104,D,30.0
563,2,2002-11-07,4101,H,30.0
564,1,2002-11-07,1104,D,160.0
564,2,2002-11-07,4106,H,30.0
564,3,2002-11-07,4106,H,120.0
564,4,2002-11-07,4106,H,10.0
565,1,2002-11-07,1104,D,145.0
565,2,2002-11-07,4106,H,120.0
565,3,2002-11-07,4106,H,25.0
566,1,2002-11-08,1104,D,30.0
566,2,2002-11-08,4101,H,30.0
567,1,2002-11-08,1104,D,185.0
567,2,2002-11-08,4106,H,40.0
567,3,2002-11-08,4106,H,20.0
567,4,2002-11-08,4106,H,120.0
567,5,2002-11-08,4111,H,5.0
568,1,2002-11-08,1104,D,60.0
568,2,2002-11-08,4101,H,60.0
569,1,2002-11-08,1104,D,5.0
569,2,2002-11-08,4111,H,5.0
570,1,2002-11-08,1104,D,30.0
570,2,2002-11-08,4106,H,30.0
571,1,2002-11-08,1104,D,5.0
571,2,2002-11-08,4111,H,5.0
572,1,2002-11-11,1104,D,180.0
572,2,2002-11-11,4106,H,120.0
572,3,2002-11-11,4106,H,60.0
573,1,2002-11-11,1203,D,720.0
573,2,2002-11-11,4101,H,420.0
573,3,2002-11-11,4101,H,300.0
574,1,2002-11-11,1104,D,40.0
574,2,2002-11-11,4106,H,40.0
575,1,2002-11-11,1210,D,120.0
575,2,2002-11-11,4101,H,120.0
576,1,2002-11-11,1104,D,100.0
576,2,2002-11-11,1203,H,100.0
577,1,2002-11-12,1104,D,30.0
577,2,2002-11-12,4101,H,30.0
578,1,2002-11-12,1104,D,100.0
578,2,2002-11-12,4102,H,100.0
579,1,2002-11-12,1104,D,30.0
579,2,2002-11-12,4101,H,30.0
580,1,2002-11-12,1104,D,125.0
580,2,2002-11-12,1106,D,230.0
580,3,2002-11-12,4103,H,50.0
580,4,2002-11-12,4107,H,300.0
581,1,2002-11-12,1104,D,20.0
581,2,2002-11-12,4106,H,20.0
582,1,2002-11-12,1104,D,60.0
582,2,2002-11-12,4101,H,60.0
583,1,2002-11-12,1104,D,5.0
583,2,2002-11-12,4111,H,5.0
584,1,2002-11-12,1104,D,60.0
584,2,2002-11-12,4101,H,60.0
585,1,2002-11-12,1104,D,10.0
585,2,2002-11-12,4106,H,10.0
586,1,2002-11-12,1104,D,30.0
586,2,2002-11-12,4101,H,30.0
587,1,2002-11-12,1104,D,30.0
587,2,2002-11-12,4106,H,30.0
588,1,2002-11-12,1104,D,30.0
588,2,2002-11-12,4101,H,30.0
589,1,2002-11-12,1104,D,20.0
589,2,2002-11-12,4106,H,20.0
590,1,2002-11-13,1104,D,30.0
590,2,2002-11-13,4101,H,30.0
591,1,2002-11-13,1104,D,45.0
591,2,2002-11-13,4106,H,45.0
592,1,2002-11-13,1104,D,60.0
592,2,2002-11-13,4101,H,60.0
593,1,2002-11-13,1104,D,40.0
593,2,2002-11-13,4106,H,40.0
594,1,2002-11-13,1104,D,150.0
594,2,2002-11-13,4106,H,150.0
595,1,2002-11-13,1104,D,5.0
595,2,2002-11-13,4111,H,5.0
596,1,2002-11-14,1104,D,5.0
596,2,2002-11-14,4111,H,5.0
597,1,2002-11-14,1104,D,125.0
597,2,2002-11-14,1106,D,100.0
597,3,2002-11-14,1106,D,80.0
598,1,2002-11-14,1104,D,30.0
598,2,2002-11-14,4101,H,30.0
599,1,2002-11-14,1104,D,5.0
599,2,2002-11-14,4111,H,5.0
600,1,2002-11-14,1104,D,115.0
600,2,2002-11-14,4106,H,85.0
600,3,2002-11-14,4106,H,30.0
601,1,2002-11-14,1104,D,5.0
601,2,2002-11-14,4111,H,5.0
602,1,2002-11-14,1104,D,30.0
602,2,2002-11-14,4101,H,30.0
603,1,2002-11-14,1104,D,300.0
603,2,2002-11-14,4107,H,300.0
604,1,2002-11-14,1104,D,5.0
604,2,2002-11-14,4111,H,5.0
605,1,2002-11-14,1104,D,300.0
605,2,2002-11-14,4101,H,300.0
606,1,2002-11-14,1104,D,120.0
606,2,2002-11-14,4106,H,120.0
607,1,2002-11-14,1104,D,30.0
607,2,2002-11-14,4101,H,30.0
608,1,2002-11-14,1104,D,15.0
608,2,2002-11-14,4106,H,15.0
609,1,2002-11-15,1104,D,40.0
609,2,2002-11-15,4106,H,40.0
610,1,2002-11-15,1104,D,10.0
610,2,2002-11-15,4111,H,10.0
611,1,2002-11-15,1104,D,270.0
611,2,2002-11-15,4106,H,120.0
611,3,2002-11-15,4106,H,120.0
611,4,2002-11-15,4106,H,30.0
612,1,2002-11-15,1104,D,5.0
612,2,2002-11-15,4111,H,5.0
613,1,2002-11-15,1104,D,5.0
613,2,2002-11-15,4111,H,5.0
614,1,2002-11-15,1104,D,100.0
614,2,2002-11-15,1106,D,120.0
614,3,2002-11-15,1106,D,50.0
614,4,2002-11-15,4106,H,70.0
614,5,2002-11-15,4106,H,40.0
615,1,2002-11-15,1104,D,90.0
615,2,2002-11-15,4101,H,90.0
616,1,2002-11-15,1104,D,70.0
616,2,2002-11-15,4106,H,70.0
617,1,2002-11-15,1104,D,30.0
617,2,2002-11-15,4101,H,30.0
618,1,2002-11-15,1104,D,10.0
618,2,2002-11-15,4111,H,10.0
619,1,2002-11-18,1104,D,50.0
619,2,2002-11-18,4106,H,50.0
620,1,2002-11-18,1104,D,90.0
620,2,2002-11-18,1106,D,60.0
620,3,2002-11-18,4101,H,30.0
621,1,2002-11-18,1104,D,30.0
621,2,2002-11-18,4101,H,30.0
622,1,2002-11-18,1104,D,90.0
622,2,2002-11-18,4106,H,50.0
622,3,2002-11-18,4106,H,40.0
623,1,2002-11-18,1104,D,52.0
623,2,2002-11-18,1203,H,52.0
624,1,2002-11-18,1104,D,50.0
624,2,2002-11-18,1203,H,50.0
625,1,2002-11-18,1104,D,60.0
625,2,2002-11-18,1203,H,60.0
626,1,2002-11-19,1104,D,105.0
626,2,2002-11-19,4106,H,55.0
626,3,2002-11-19,4106,H,5.0
626,4,2002-11-19,4106,H,45.0
627,1,2002-11-19,1104,D,30.0
627,2,2002-11-19,4101,H,30.0
628,1,2002-11-19,1104,D,1750.0
628,2,2002-11-19,4108,H,1500.0
628,3,2002-11-19,4205,H,250.0
629,1,2002-11-19,1104,D,30.0
629,2,2002-11-19,4101,H,30.0
630,1,2002-11-19,1104,D,350.0
630,2,2002-11-19,4103,H,50.0
630,3,2002-11-19,4107,H,300.0
631,1,2002-11-19,1104,D,60.0
631,2,2002-11-19,4101,H,60.0
632,1,2002-11-19,1104,D,75.0
632,2,2002-11-19,1203,H,75.0
633,1,2002-11-20,1104,D,105.0
633,2,2002-11-20,1106,D,200.0
633,3,2002-11-20,4107,H,300.0
634,1,2002-11-20,1104,D,90.0
634,2,2002-11-20,4101,H,90.0
635,1,2002-11-20,1104,D,150.0
635,2,2002-11-20,1202,H,150.0
636,1,2002-11-20,1104,D,145.0
636,2,2002-11-20,4106,H,25.0
636,3,2002-11-20,4106,H,120.0
637,1,2002-11-20,1104,D,30.0
637,2,2002-11-20,4106,H,20.0
637,3,2002-11-20,4101,H,10.0
638,1,2002-11-20,1104,D,30.0
638,2,2002-11-20,4101,H,30.0
639,1,2002-11-20,1104,D,20.0
639,2,2002-11-20,4106,H,20.0
640,1,2002-11-20,1104,D,5.0
640,2,2002-11-20,4111,H,5.0
641,1,2002-11-20,1104,D,90.0
641,2,2002-11-20,4101,H,90.0
642,1,2002-11-20,1104,D,50.0
642,2,2002-11-20,1210,D,225.0
642,3,2002-11-20,4102,H,100.0
642,4,2002-11-20,4106,H,120.0
642,5,2002-11-20,4106,H,50.0
642,6,2002-11-20,4111,H,5.0
643,1,2002-11-20,1104,D,160.0
643,2,2002-11-20,1202,H,159.6
643,3,2002-11-20,4205,H,0.4
644,1,2002-11-21,1104,D,270.0
644,2,2002-11-21,4106,H,240.0
644,3,2002-11-21,4106,H,30.0
645,1,2002-11-21,1104,D,450.0
645,2,2002-11-21,4108,H,450.0
646,1,2002-11-21,1104,D,110.0
646,2,2002-11-21,1106,D,80.0
646,3,2002-11-21,4106,H,120.0
647,1,2002-11-21,1104,D,30.0
647,2,2002-11-21,4101,H,30.0
648,1,2002-11-21,1104,D,30.0
648,2,2002-11-21,4106,H,30.0
649,1,2002-11-21,1104,D,60.0
649,2,2002-11-21,4101,H,60.0
650,1,2002-11-21,1104,D,30.0
650,2,2002-11-21,4106,H,30.0
651,1,2002-11-21,1104,D,120.0
651,2,2002-11-21,4101,H,120.0
652,1,2002-11-21,1104,D,55.0
652,2,2002-11-21,4106,H,55.0
653,1,2002-11-21,1104,D,70.0
653,2,2002-11-21,1203,H,70.0
654,1,2002-11-22,1104,D,100.0
654,2,2002-11-22,4212,H,100.0
655,1,2002-11-22,1104,D,40.0
655,2,2002-11-22,4106,H,40.0
656,1,2002-11-22,1104,D,30.0
656,2,2002-11-22,4101,H,30.0
657,1,2002-11-22,1104,D,5.0
657,2,2002-11-22,4111,H,5.0
658,1,2002-11-22,1104,D,40.0
658,2,2002-11-22,4106,H,40.0
659,1,2002-11-22,1104,D,100.0
659,2,2002-11-22,4102,H,100.0
660,1,2002-11-22,1104,D,90.0
660,2,2002-11-22,1106,D,30.0
660,3,2002-11-22,4106,H,120.0
661,1,2002-11-25,1104,D,60.0
661,2,2002-11-25,4101,H,60.0
662,1,2002-11-25,1104,D,30.0
662,2,2002-11-25,4101,H,30.0
663,1,2002-11-25,1104,D,50.0
663,2,2002-11-25,4106,H,50.0
664,1,2002-11-25,1104,D,30.0
664,2,2002-11-25,4101,H,30.0
665,1,2002-11-25,1104,D,80.0
665,2,2002-11-25,4106,H,20.0
665,3,2002-11-25,4106,H,40.0
665,4,2002-11-25,4106,H,20.0
666,1,2002-11-25,1104,D,60.0
666,2,2002-11-25,4101,H,60.0
667,1,2002-11-26,1210,D,125.0
667,2,2002-11-26,1202,H,125.0
668,1,2002-11-26,1104,D,30.0
668,2,2002-11-26,4101,H,30.0
669,1,2002-11-26,1104,D,30.0
669,2,2002-11-26,4101,H,30.0
670,1,2002-11-26,1104,D,10.0
670,2,2002-11-26,4111,H,10.0
671,1,2002-11-26,1104,D,75.0
671,2,2002-11-26,4101,H,75.0
672,1,2002-11-26,1104,D,20.0
672,2,2002-11-26,4106,H,20.0
673,1,2002-11-26,1104,D,30.0
673,2,2002-11-26,4101,H,30.0
674,1,2002-11-26,1104,D,50.0
674,2,2002-11-26,1205,D,120.0
674,3,2002-11-26,4106,H,50.0
674,4,2002-11-26,4106,H,120.0
675,1,2002-11-26,1104,D,5.0
675,2,2002-11-26,4111,H,5.0
676,1,2002-11-26,1104,D,20.0
676,2,2002-11-26,4106,H,20.0
677,1,2002-11-27,1104,D,30.0
677,2,2002-11-27,4101,H,30.0
678,1,2002-11-27,1104,D,45.0
678,2,2002-11-27,4106,H,45.0
679,1,2002-11-27,1104,D,5.0
679,2,2002-11-27,4111,H,5.0
680,1,2002-11-27,1104,D,60.0
680,2,2002-11-27,4106,H,30.0
680,3,2002-11-27,4106,H,30.0
681,1,2002-11-27,1209,D,1895.0
681,2,2002-11-27,4108,H,1500.0
681,3,2002-11-27,4205,H,225.0
681,4,2002-11-27,4205,H,50.0
681,5,2002-11-27,4212,H,100.0
681,6,2002-11-27,4205,H,20.0
682,1,2002-11-27,1104,D,120.0
682,2,2002-11-27,4106,H,20.0
682,3,2002-11-27,4107,H,100.0
683,1,2002-11-27,1104,D,45.0
683,2,2002-11-27,4106,H,45.0
684,1,2002-11-27,1104,D,30.0
684,2,2002-11-27,4101,H,30.0
685,1,2002-11-27,1104,D,120.0
685,2,2002-11-27,4106,H,120.0
686,1,2002-11-27,1104,D,120.0
686,2,2002-11-27,4101,H,120.0
687,1,2002-11-27,1104,D,180.0
687,2,2002-11-27,4106,H,30.0
687,3,2002-11-27,4106,H,70.0
687,4,2002-11-27,4106,H,50.0
687,5,2002-11-27,4106,H,30.0
688,1,2002-11-27,1104,D,30.0
688,2,2002-11-27,4101,H,30.0
689,1,2002-11-27,1104,D,30.0
689,2,2002-11-27,4106,H,30.0
690,1,2002-11-27,1104,D,100.0
690,2,2002-11-27,1203,H,100.0
691,1,2002-11-28,1104,D,30.0
691,2,2002-11-28,4101,H,30.0
692,1,2002-11-28,1104,D,120.0
692,2,2002-11-28,4106,H,100.0
692,3,2002-11-28,4106,H,20.0
693,1,2002-11-28,1104,D,5.0
693,2,2002-11-28,4111,H,5.0
694,1,2002-11-28,1104,D,30.0
694,2,2002-11-28,4101,H,30.0
695,1,2002-11-28,1104,D,155.0
695,2,2002-11-28,4106,H,30.0
695,3,2002-11-28,4106,H,20.0
695,4,2002-11-28,4106,H,30.0
695,5,2002-11-28,4106,H,45.0
695,6,2002-11-28,4106,H,30.0
696,1,2002-11-29,1104,D,100.0
696,2,2002-11-29,1202,H,100.0
697,1,2002-11-29,1104,D,30.0
697,2,2002-11-29,4101,H,30.0
698,1,2002-11-29,1104,D,10.0
698,2,2002-11-29,4106,H,10.0
699,1,2002-11-29,1104,D,180.0
699,2,2002-11-29,4106,H,120.0
699,3,2002-11-29,4106,H,25.0
699,4,2002-11-29,4106,H,35.0
700,1,2002-11-29,1104,D,5.0
700,2,2002-11-29,4111,H,5.0
701,1,2002-11-29,1104,D,45.0
701,2,2002-11-29,4101,H,45.0
702,1,2002-11-29,1104,D,135.0
702,2,2002-11-29,4106,H,15.0
702,3,2002-11-29,4106,H,120.0
703,1,2002-11-29,1104,D,60.0
703,2,2002-11-29,4101,H,60.0
704,1,2002-11-15,1104,D,30.0
704,2,2002-11-15,4101,H,30.0
705,1,2002-11-15,1104,D,60.0
705,2,2002-11-15,4101,H,60.0
706,1,2002-11-15,1104,D,30.0
706,2,2002-11-15,4101,H,30.0
707,1,2002-11-15,1104,D,30.0
707,2,2002-11-15,4101,H,30.0
708,1,2002-11-15,1104,D,25.0
708,2,2002-11-15,4106,H,25.0
709,1,2002-11-15,1104,D,30.0
709,2,2002-11-15,4101,H,30.0
710,1,2002-11-30,1104,D,30.0
710,2,2002-11-30,4106,H,30.0
711,1,2002-11-30,1104,D,30.0
711,2,2002-11-30,4101,H,30.0
712,1,2002-11-30,1104,D,130.0
712,2,2002-11-30,4106,H,30.0
712,3,2002-11-30,4106,H,40.0
712,4,2002-11-30,4106,H,30.0
712,5,2002-11-30,4106,H,30.0
713,1,2002-11-30,1104,D,60.0
713,2,2002-11-30,4101,H,60.0
714,1,2002-11-30,1104,D,10.0
714,2,2002-11-30,4106,H,10.0
715,1,2002-11-30,1104,D,30.0
715,2,2002-11-30,4101,H,30.0
716,1,2002-11-30,1104,D,30.0
716,2,2002-11-30,4106,H,30.0
717,1,2002-11-30,1104,D,60.0
717,2,2002-11-30,4101,H,60.0
718,1,2002-11-30,1104,D,25.0
718,2,2002-11-30,4106,H,25.0
719,1,2002-11-30,1104,D,30.0
719,2,2002-11-30,4101,H,30.0
720,1,2002-11-30,1104,D,120.0
720,2,2002-11-30,4106,H,30.0
720,3,2002-11-30,4106,H,90.0
721,1,2002-11-01,1118,D,88.27
721,2,2002-11-01,1104,H,88.27
722,1,2002-11-01,1118,D,120.0
722,2,2002-11-01,1104,H,120.0
723,1,2002-11-07,1118,D,1694.0
723,2,2002-11-07,1118,D,1694.0
723,3,2002-11-07,1104,H,3388.0
724,1,2002-11-04,1118,D,500.0
724,2,2002-11-04,1104,H,500.0
725,1,2002-11-26,1118,D,12.5
725,2,2002-11-26,1104,H,12.5
726,1,2002-11-05,1118,D,200.0
726,2,2002-11-05,1104,H,200.0
727,1,2002-11-15,1118,D,115.0
727,2,2002-11-15,1104,H,115.0
728,1,2002-11-26,1118,D,120.0
728,2,2002-11-26,1104,H,120.0
729,1,2002-11-29,1118,D,52.51
729,2,2002-11-29,1104,H,52.51
730,1,2002-11-11,1118,D,150.0
730,2,2002-11-11,1104,H,150.0
731,1,2002-11-15,1118,D,95.0
731,2,2002-11-15,1104,H,95.0
732,1,2002-11-11,1118,D,54.0
732,2,2002-11-11,1104,H,54.0
733,1,2002-11-28,1118,D,164.0
733,2,2002-11-28,1104,H,164.0
734,1,2002-11-19,1118,D,100.0
734,2,2002-11-19,1104,H,100.0
735,1,2002-11-26,1118,D,12.0
735,2,2002-11-26,1104,H,12.0
736,1,2002-11-12,1118,D,350.0
736,2,2002-11-12,1104,H,350.0
737,1,2002-11-13,1118,D,200.0
737,2,2002-11-13,1104,H,200.0
738,1,2002-11-13,1118,D,150.0
738,2,2002-11-13,1104,H,150.0
739,1,2002-11-14,1118,D,30.0
739,2,2002-11-14,1104,H,30.0
740,1,2002-11-14,1118,D,550.0
740,2,2002-11-14,1104,H,550.0
741,1,2002-11-28,1118,D,150.0
741,2,2002-11-28,1104,H,150.0
742,1,2002-11-29,1118,D,85.0
742,2,2002-11-29,1104,H,85.0
743,1,2002-11-15,1118,D,200.0
743,2,2002-11-15,1104,H,200.0
744,1,2002-11-18,1118,D,150.0
744,2,2002-11-18,1104,H,150.0
745,1,2002-11-28,1118,D,80.0
745,2,2002-11-28,1104,H,80.0
746,1,2002-11-18,1118,D,200.0
746,2,2002-11-18,1104,H,200.0
747,1,2002-11-18,1118,D,120.0
747,2,2002-11-18,1104,H,120.0
748,1,2002-11-19,1118,D,400.0
748,2,2002-11-19,1104,H,400.0
749,1,2002-11-19,1118,D,1750.0
749,2,2002-11-19,1104,H,1750.0
750,1,2002-11-20,1118,D,160.0
750,2,2002-11-20,1104,H,160.0
751,1,2002-11-27,1118,D,63.58
751,2,2002-11-27,1104,H,63.58
752,1,2002-11-22,1118,D,330.0
752,2,2002-11-22,1104,H,330.0
753,1,2002-11-21,1118,D,350.0
753,2,2002-11-21,1104,H,350.0
754,1,2002-11-26,1118,D,45.54
754,2,2002-11-26,1104,H,45.54
755,1,2002-11-24,1118,D,250.0
755,2,2002-11-24,1104,H,250.0
756,1,2002-11-25,1118,D,90.0
756,2,2002-11-25,1104,H,90.0
757,1,2002-11-27,1118,D,350.0
757,2,2002-11-27,1104,H,350.0
758,1,2002-11-29,1118,D,97.0
758,2,2002-11-29,1104,H,97.0
759,1,2002-11-11,1118,D,120.0
759,2,2002-11-11,1106,H,120.0
760,1,2002-11-04,1118,D,120.0
760,2,2002-11-04,1106,H,120.0
761,1,2002-11-01,1118,D,300.0
761,2,2002-11-01,1106,H,300.0
762,1,2002-11-25,1118,D,46.0
762,2,2002-11-25,1104,H,46.0
763,1,2002-11-25,1118,D,2.0
763,2,2002-11-25,1104,H,2.0
764,1,2002-11-11,1118,D,100.0
764,2,2002-11-11,1106,H,100.0
765,1,2002-11-08,1118,D,100.0
765,2,2002-11-08,1106,H,100.0
766,1,2002-11-15,1118,D,100.0
766,2,2002-11-15,1106,H,100.0
767,1,2002-11-12,1118,D,300.0
767,2,2002-11-12,1106,H,300.0
768,1,2002-11-07,1118,D,70.0
768,2,2002-11-07,1106,H,70.0
769,1,2002-11-15,1118,D,30.0
769,2,2002-11-15,1106,H,30.0
770,1,2002-11-05,1118,D,150.0
770,2,2002-11-05,1104,H,150.0
771,1,2002-11-01,1118,D,150.0
771,2,2002-11-01,1104,H,150.0
772,1,2002-11-07,1118,D,130.0
772,2,2002-11-07,1106,H,130.0
773,1,2002-11-04,1116,D,60.0
773,2,2002-11-04,1106,H,60.0
774,1,2002-11-04,1116,D,40.0
774,2,2002-11-04,1106,H,40.0
775,1,2002-11-07,1116,D,30.0
775,2,2002-11-07,1106,H,30.0
776,1,2002-11-04,1116,D,30.0
776,2,2002-11-04,1106,H,30.0
777,1,2002-11-07,1116,D,100.0
777,2,2002-11-07,1106,H,100.0
778,1,2002-11-01,1116,D,40.0
778,2,2002-11-01,1106,H,40.0
779,1,2002-11-12,1116,D,125.0
779,2,2002-11-12,1106,H,125.0
780,1,2002-11-07,1116,D,30.0
780,2,2002-11-07,1104,H,30.0
781,1,2002-11-15,1104,D,220.0
781,2,2002-11-15,4102,H,100.0
781,3,2002-11-15,4106,H,120.0
782,1,2002-11-15,1104,D,5.0
782,2,2002-11-15,4111,H,5.0
783,1,2002-11-15,1104,D,120.0
783,2,2002-11-15,4101,H,120.0
784,1,2002-11-15,1104,D,170.0
784,2,2002-11-15,4106,H,30.0
784,3,2002-11-15,4106,H,30.0
784,4,2002-11-15,4106,H,30.0
784,5,2002-11-15,4106,H,80.0
785,1,2002-11-15,1104,D,120.0
785,2,2002-11-15,4101,H,120.0
786,1,2002-11-15,1104,D,60.0
786,2,2002-11-15,4106,H,30.0
786,3,2002-11-15,4106,H,30.0
787,1,2002-11-30,1104,D,60.0
787,2,2002-11-30,4106,H,30.0
787,3,2002-11-30,4106,H,30.0
788,1,2002-11-30,1104,D,90.0
788,2,2002-11-30,4101,H,90.0
789,1,2002-11-30,1104,D,60.0
789,2,2002-11-30,4101,H,60.0
790,1,2002-11-30,1104,D,50.0
790,2,2002-11-30,4106,H,20.0
790,3,2002-11-30,4106,H,30.0
791,1,2002-11-30,1104,D,30.0
791,2,2002-11-30,4101,H,30.0
792,1,2002-11-30,1104,D,30.0
792,2,2002-11-30,4106,H,30.0
793,1,2002-11-30,1104,D,60.0
793,2,2002-11-30,4101,H,60.0
794,1,2002-11-30,1104,D,30.0
794,2,2002-11-30,4106,H,30.0
795,1,2002-11-30,1104,D,120.0
795,2,2002-11-30,4101,H,120.0
796,1,2002-11-30,1104,D,30.0
796,2,2002-11-30,4101,H,30.0
797,1,2002-11-04,5306,D,41.55
797,2,2002-11-04,1104,H,41.55
798,1,2002-11-04,5306,D,259.55
798,2,2002-11-04,1104,H,259.55
799,1,2002-11-04,5107,D,94.81
799,2,2002-11-04,1104,H,94.81
800,1,2002-11-12,5306,D,515.06
800,2,2002-11-12,1104,H,515.06
801,1,2002-11-12,5306,D,25.13
801,2,2002-11-12,1104,H,25.13
802,1,2002-11-04,1118,D,80.0
802,2,2002-11-04,1104,H,80.0
803,1,2002-11-22,5107,D,72.68
803,2,2002-11-22,1104,H,72.68
804,1,2002-11-27,5306,D,218.64
804,2,2002-11-27,1104,H,218.64
805,1,2002-11-27,5306,D,93.0
805,2,2002-11-27,5109,D,112.0
805,3,2002-11-27,1104,H,205.0
806,1,2002-11-25,5111,D,15.0
806,2,2002-11-25,1104,H,15.0
807,1,2002-11-25,5104,D,1.0
807,2,2002-11-25,1104,H,1.0
808,1,2002-11-22,5105,D,34.05
808,2,2002-11-22,1104,H,34.05
809,1,2002-11-22,5105,D,79.73
809,2,2002-11-22,1104,H,79.73
810,1,2002-11-20,5113,D,40.0
810,2,2002-11-20,1104,H,40.0
811,1,2002-11-16,5104,D,7.9
811,2,2002-11-16,1104,H,7.9
812,1,2002-11-16,5111,D,21.0
812,2,2002-11-16,1104,H,21.0
813,1,2002-11-29,5114,D,4.3
813,2,2002-11-29,1104,H,4.3
814,1,2002-11-29,5104,D,6.1
814,2,2002-11-29,1104,H,6.1
815,1,2002-11-02,5306,D,250.0
815,2,2002-11-02,1104,H,250.0
816,1,2002-11-04,2201,D,200.0
816,2,2002-11-04,1104,H,200.0
817,1,2002-11-06,2201,D,50.0
817,2,2002-11-06,1104,H,50.0
818,1,2002-11-07,2108,D,50.0
818,2,2002-11-07,1104,H,50.0
819,1,2002-11-07,2108,D,40.0
819,2,2002-11-07,1104,H,40.0
820,1,2002-11-08,5116,D,50.0
820,2,2002-11-08,1104,H,50.0
821,1,2002-11-08,2108,D,47.0
821,2,2002-11-08,1104,H,47.0
822,1,2002-11-11,2102,D,161.5
822,2,2002-11-11,1104,H,161.5
823,1,2002-11-11,2108,D,46.5
823,2,2002-11-11,1104,H,46.5
824,1,2002-11-13,2108,D,150.0
824,2,2002-11-13,1104,H,150.0
825,1,2002-11-14,5306,D,300.0
825,2,2002-11-14,1104,H,300.0
826,1,2002-11-19,5306,D,250.0
826,2,2002-11-19,1104,H,250.0
827,1,2002-11-20,2108,D,24.0
827,2,2002-11-20,1104,H,24.0
828,1,2002-11-20,2103,D,150.0
828,2,2002-11-20,1104,H,150.0
829,1,2002-11-20,2103,D,150.0
829,2,2002-11-20,1104,H,150.0
830,1,2002-11-21,2108,D,327.42
830,2,2002-11-21,1104,H,327.42
831,1,2002-11-22,2108,D,229.32
831,2,2002-11-22,1104,H,229.32
832,1,2002-11-22,2108,D,270.14
832,2,2002-11-22,1104,H,270.14
833,1,2002-11-27,2108,D,45.0
833,2,2002-11-27,1104,H,45.0
834,1,2002-11-27,5111,D,191.7
834,2,2002-11-27,1104,H,191.7
835,1,2002-11-28,5111,D,189.14
835,2,2002-11-28,1104,H,189.14
836,1,2002-11-27,2108,D,327.42
836,2,2002-11-27,1104,H,327.42
837,1,2002-11-28,2108,D,108.6
837,2,2002-11-28,1104,H,108.6
838,1,2002-11-29,5306,D,200.0
838,2,2002-11-29,1104,H,200.0
839,1,2002-11-29,2108,D,5.07
839,2,2002-11-29,1104,H,5.07
840,1,2002-11-06,5306,D,250.0
840,2,2002-11-06,1104,H,250.0
841,1,2002-11-08,2108,D,150.0
841,2,2002-11-08,1104,H,150.0
842,1,2002-11-08,5306,D,44.0
842,2,2002-11-08,5307,D,80.0
842,3,2002-11-08,1104,H,124.0
843,1,2002-11-04,1118,D,300.0
843,2,2002-11-04,1104,H,300.0
557,4,2002-11-06,4106,H,50.0
844,1,2002-11-20,5103,D,90.0
844,2,2002-11-20,1116,H,90.0
845,1,2002-11-20,5143,D,48.9
845,2,2002-11-20,1116,H,48.9
846,1,2002-11-20,5111,D,33.32
846,2,2002-11-20,1116,H,33.32
847,1,2002-11-20,5102,D,149.5
847,2,2002-11-20,1116,H,149.5
848,1,2002-11-20,5101,D,42.35
848,2,2002-11-20,1116,H,42.35
849,1,2002-11-20,5112,D,225.0
849,2,2002-11-20,1116,H,225.0
850,1,2002-11-20,5101,D,290.0
850,2,2002-11-20,1116,H,290.0
851,1,2002-11-20,5103,D,445.5
851,2,2002-11-20,1116,H,222.75
851,3,2002-11-20,1116,H,222.75
852,1,2002-11-01,5118,D,14.7
852,2,2002-11-01,1116,H,14.7
853,1,2002-11-30,5140,D,3.21
853,2,2002-11-30,1116,H,3.21
854,1,2002-11-01,5134,D,0.45
854,2,2002-11-01,1116,H,0.45
855,1,2002-11-07,5118,D,1.0
855,2,2002-11-07,1116,H,1.0
856,1,2002-11-21,5118,D,2.0
856,2,2002-11-21,1116,H,2.0
857,1,2002-11-29,5118,D,5.6
857,2,2002-11-29,1116,H,5.6
858,1,2002-11-29,5118,D,50.4
858,2,2002-11-29,1116,H,50.4
859,1,2002-11-04,5107,D,1174.48
859,2,2002-11-04,1118,H,1174.48
860,1,2002-11-04,2102,D,161.5
860,2,2002-11-04,1118,H,161.5
861,1,2002-11-07,2202,D,1342.68
861,2,2002-11-07,2203,D,463.81
861,3,2002-11-07,2205,D,114.15
861,4,2002-11-07,1118,H,691.04
861,5,2002-11-07,1118,H,1229.6
862,1,2002-11-07,2204,D,104.89
862,2,2002-11-07,1118,H,104.89
863,1,2002-11-08,5306,D,130.0
863,2,2002-11-08,1118,H,120.0
863,3,2002-11-08,1118,H,10.0
864,1,2002-11-08,5143,D,88.81
864,2,2002-11-08,1118,H,88.81
865,1,2002-11-08,5113,D,270.0
865,2,2002-11-08,1118,H,100.0
865,3,2002-11-08,1118,H,54.0
865,4,2002-11-08,1118,H,116.0
866,1,2002-11-13,5114,D,43.2
866,2,2002-11-13,1118,H,43.2
867,1,2002-11-13,5111,D,28.75
867,2,2002-11-13,1118,H,28.75
868,1,2002-11-13,5116,D,28.0
868,2,2002-11-13,1118,H,28.0
869,1,2002-11-18,2119,D,622.71
869,2,2002-11-18,1118,H,622.71
870,1,2002-11-19,5127,D,145.0
870,2,2002-11-19,1118,H,145.0
871,1,2002-11-20,5308,D,300.0
871,2,2002-11-20,1118,H,300.0
872,1,2002-11-20,5308,D,50.0
872,2,2002-11-20,1118,H,50.0
873,1,2002-11-20,5308,D,200.0
873,2,2002-11-20,1118,H,200.0
874,1,2002-11-20,5105,D,23.29
874,2,2002-11-20,1118,H,23.29
875,1,2002-11-20,5116,D,80.0
875,2,2002-11-20,1118,H,80.0
876,1,2002-11-22,2113,D,742.0
876,2,2002-11-22,1118,H,742.0
877,1,2002-11-25,5116,D,70.0
877,2,2002-11-25,1118,H,70.0
878,1,2002-11-25,5111,D,80.0
878,2,2002-11-25,1118,H,80.0
879,1,2002-11-25,5308,D,90.0
879,2,2002-11-25,1118,H,90.0
880,1,2002-11-25,5116,D,100.0
880,2,2002-11-25,1118,H,100.0
881,1,2002-11-25,5116,D,100.0
881,2,2002-11-25,1118,H,100.0
882,1,2002-11-25,5308,D,25.0
882,2,2002-11-25,1118,H,25.0
883,1,2002-11-25,5116,D,48.4
883,2,2002-11-25,1118,H,48.4
884,1,2002-11-25,5116,D,12.0
884,2,2002-11-25,1118,H,12.0
885,1,2002-11-25,5105,D,141.62
885,2,2002-11-25,1118,H,141.62
886,1,2002-11-27,2102,D,161.5
886,2,2002-11-27,1118,H,161.5
887,1,2002-11-01,5118,D,12.24
887,2,2002-11-01,1118,H,12.24
888,1,2002-11-01,5118,D,28.0
888,2,2002-11-01,1118,H,28.0
889,1,2002-11-01,5134,D,27.3
889,2,2002-11-01,5118,D,0.96
889,3,2002-11-01,1118,H,28.26
890,1,2002-11-01,5118,D,3.0
890,2,2002-11-01,1118,H,3.0
891,1,2002-11-05,5118,D,32.0
891,2,2002-11-05,1118,H,32.0
892,1,2002-11-05,5118,D,24.0
892,2,2002-11-05,1118,H,24.0
893,1,2002-11-11,5118,D,5.88
893,2,2002-11-11,1118,H,5.88
894,1,2002-11-11,5118,D,28.0
894,2,2002-11-11,1118,H,28.0
895,1,2002-11-14,5112,D,78.71
895,2,2002-11-14,1118,H,78.71
896,1,2002-11-14,5118,D,5.0
896,2,2002-11-14,1118,H,5.0
897,1,2002-11-27,5118,D,9.12
897,2,2002-11-27,1118,H,9.12
898,1,2002-11-27,5118,D,20.0
898,2,2002-11-27,1118,H,20.0
899,1,2002-11-27,5118,D,28.0
899,2,2002-11-27,1118,H,28.0
900,1,2002-11-19,5118,D,0.6
900,2,2002-11-19,1118,H,0.6
901,1,2002-11-29,5140,D,166.93
901,2,2002-11-29,1118,H,166.93
902,1,2002-11-30,5201,D,2859.44
902,2,2002-11-30,5203,D,882.74
902,3,2002-11-30,5204,D,171.56
902,4,2002-11-30,5205,D,772.06
902,5,2002-11-30,5206,D,93.29
902,6,2002-11-30,5207,D,964.04
902,7,2002-11-30,5208,D,331.33
902,8,2002-11-30,5210,D,101.79
902,9,2002-11-30,5211,D,171.5
902,10,2002-11-30,5212,D,250.93
902,11,2002-11-30,5216,D,600.0
902,12,2002-11-30,2201,H,5231.88
902,13,2002-11-30,2202,H,1371.84
902,14,2002-11-30,2203,H,488.89
902,15,2002-11-30,2204,H,106.07
903,1,2002-11-30,2118,D,588.0
903,2,2002-11-30,2119,H,588.0
904,1,2002-11-30,5306,D,522.0
904,2,2002-11-30,5306,D,500.0
904,3,2002-11-30,5306,D,250.0
904,4,2002-11-30,2102,H,522.0
904,5,2002-11-30,2102,H,500.0
904,6,2002-11-30,2102,H,250.0
905,1,2002-11-30,5306,D,190.0
905,2,2002-11-30,5306,D,190.0
905,3,2002-11-30,2102,H,190.0
905,4,2002-11-30,2102,H,190.0
906,1,2002-11-30,5301,D,1069.57
906,2,2002-11-30,5301,D,1018.64
906,3,2002-11-30,5301,D,327.42
906,4,2002-11-30,5301,D,327.42
906,5,2002-11-30,5301,D,327.42
906,6,2002-11-30,2108,H,1069.57
906,7,2002-11-30,2108,H,1018.64
906,8,2002-11-30,2108,H,327.42
906,9,2002-11-30,2108,H,327.42
906,10,2002-11-30,2108,H,327.42
907,1,2002-11-30,5121,D,4714.11
907,2,2002-11-30,1503,H,3509.66
907,3,2002-11-30,1505,H,320.8
907,4,2002-11-30,1509,H,705.05
907,5,2002-11-30,1511,H,178.6
908,1,2002-11-04,1118,D,67.46
908,2,2002-11-04,5135,D,2.54
908,3,2002-11-04,1210,H,70.0
909,1,2002-11-05,1118,D,28.19
909,2,2002-11-05,5135,D,1.81
909,3,2002-11-05,1205,H,30.0
910,1,2002-11-13,1118,D,115.65
910,2,2002-11-13,5135,D,4.35
910,3,2002-11-13,1210,H,120.0
911,1,2002-11-25,1118,D,70.54
911,2,2002-11-25,5135,D,4.46
911,3,2002-11-25,1205,H,75.0
912,1,2002-11-14,1118,D,125.0
912,2,2002-11-14,1106,H,125.0
913,1,2002-11-01,2201,D,313.48
913,2,2002-11-01,1118,H,313.48
914,1,2002-11-01,2201,D,216.78
914,2,2002-11-01,1118,H,216.78
915,1,2002-11-01,2201,D,184.44
915,2,2002-11-01,1118,H,184.44
916,1,2002-11-01,2201,D,126.61
916,2,2002-11-01,1118,H,126.61
917,1,2002-11-01,2201,D,156.53
917,2,2002-11-01,1118,H,156.53
918,1,2002-11-01,2201,D,66.35
918,2,2002-11-01,1118,H,66.35
919,1,2002-11-05,2201,D,150.0
919,2,2002-11-05,1118,H,150.0
920,1,2002-11-05,2201,D,150.0
920,2,2002-11-05,1118,H,150.0
921,1,2002-11-05,2201,D,100.0
921,2,2002-11-05,1118,H,100.0
922,1,2002-11-05,2201,D,50.0
922,2,2002-11-05,1118,H,50.0
923,1,2002-11-05,2201,D,100.0
923,2,2002-11-05,1118,H,100.0
924,1,2002-11-05,2201,D,50.0
924,2,2002-11-05,1118,H,50.0
925,1,2002-11-15,2201,D,482.33
925,2,2002-11-15,1118,H,482.33
926,1,2002-11-15,2201,D,450.52
926,2,2002-11-15,1118,H,450.52
927,1,2002-11-15,2201,D,374.66
927,2,2002-11-15,1118,H,374.66
928,1,2002-11-15,2201,D,195.26
928,2,2002-11-15,1118,H,195.26
929,1,2002-11-15,2201,D,348.5
929,2,2002-11-15,1118,H,348.5
930,1,2002-11-15,2201,D,539.08
930,2,2002-11-15,1118,H,539.08
931,1,2002-11-22,2201,D,382.32
931,2,2002-11-22,1118,H,382.32
932,1,2002-11-22,2201,D,300.52
932,2,2002-11-22,1118,H,300.52
933,1,2002-11-22,2201,D,274.65
933,2,2002-11-22,1118,H,274.65
934,1,2002-11-22,2201,D,95.25
934,2,2002-11-22,1118,H,95.25
935,1,2002-11-22,2201,D,248.49
935,2,2002-11-22,1118,H,248.49
936,1,2002-11-22,2201,D,189.08
936,2,2002-11-22,1118,H,189.08
937,1,2002-11-29,2201,D,100.0
937,2,2002-11-29,1118,H,100.0
938,1,2002-11-29,2201,D,100.0
938,2,2002-11-29,1118,H,100.0
939,1,2002-11-29,2201,D,100.0
939,2,2002-11-29,1118,H,100.0
940,1,2002-11-29,2201,D,100.0
940,2,2002-11-29,1118,H,100.0
941,1,2002-11-29,2201,D,100.0
941,2,2002-11-29,1118,H,100.0
942,1,2002-11-29,2201,D,100.0
942,2,2002-11-29,1118,H,100.0
943,1,2002-11-05,5118,D,11.76
943,2,2002-11-05,1118,H,11.76
944,1,2002-11-30,5306,D,556.61
944,2,2002-11-30,1104,H,213.36
944,3,2002-11-30,1104,H,205.0
944,4,2002-11-30,1104,H,138.25
555,3,2002-11-06,4106,H,80.0
580,5,2002-11-12,4111,H,5.0
597,4,2002-11-14,4107,H,300.0
597,5,2002-11-14,4111,H,5.0
614,6,2002-11-15,4106,H,120.0
614,7,2002-11-15,4106,H,40.0
945,1,2002-11-22,1118,D,350.0
945,2,2002-11-22,1106,H,350.0
620,4,2002-11-18,4101,H,120.0
633,4,2002-11-20,4111,H,5.0
646,4,2002-11-21,4106,H,70.0
