MATRIC,CATEGO,FECHA,CPTO,IMPORTE,RECIBO,ANHABIL,DETALLE
7464,A,2007-10-01,1,95.0,13924,2005,5/8 a cta.
6013,A,2007-10-01,3,0.0,0,2005,eximido
7464,A,2007-10-01,9,42.0,13924,2005,5/8 int
6013,A,2007-10-01,3,0.0,0,2006,eximido
8105,A,2007-10-01,1,160.0,22465,2007,der.inscr.
5009,A,2007-10-01,1,200.0,22467,2007,der.inscr.
7085,A,2007-10-01,1,45.0,22479,2007,2/4 cuota
6013,A,2007-10-01,1,160.0,22492,2007,der.inscr.
8105,A,2007-10-01,9,19.0,22465,2007,int.
4651,A,2007-10-02,1,86.0,22513,2006,cancel.total
3261,A,2007-10-02,1,160.0,13935,2007,der.insc.
3261,A,2007-10-02,9,22.0,13935,2007,recargo
8719,A,2007-10-02,1,0.0,13936,2007,der.insc.
8196,A,2007-10-03,1,160.0,22545,2007,der.insc.
8196,A,2007-10-03,9,22.0,22545,2007,recargo
8183,A,2007-10-05,1,90.0,22589,2004,cancela
8183,A,2007-10-05,2,75.0,22589,2004,gastos
8183,A,2007-10-05,1,120.0,22589,2005,der.inscr.
8183,A,2007-10-05,1,120.0,22589,2006,der.inscr.
8183,A,2007-10-05,9,93.0,22589,2006,int.
3416,A,2007-10-05,1,160.0,22568,2007,DER.INSCR.
6453,A,2007-10-05,1,160.0,22579,2007,der.inscr.
7816,A,2007-10-05,1,160.0,22588,2007,der.inscr.
8183,A,2007-10-05,1,160.0,22589,2007,der.inscr.
3416,A,2007-10-05,9,22.0,22568,2007,int.
6453,A,2007-10-05,9,22.0,22579,2007,int.
7816,A,2007-10-05,9,22.0,22588,2007,int.
8183,A,2007-10-05,9,22.0,22589,2007,int.
5910,A,2007-10-09,1,120.0,22613,2007,cancel.total
5910,A,2007-10-09,9,15.0,22613,2007,recargo
2477,EM,2007-12-19,9,6.5,1274,2007,int.
1222,A,2007-10-05,3,120.0,0,2002,eximicin
1222,A,2007-10-05,3,120.0,0,2003,eximicin
1222,A,2007-10-05,3,120.0,0,2004,eximicin
1222,A,2007-10-05,3,120.0,0,2005,eximicin
1222,A,2007-10-05,3,120.0,0,2006,eximicin
1222,A,2007-10-05,4,160.0,0,2007,resol.92/04
8159,A,2007-10-08,1,120.0,13970,2005,der.inscr.
8159,A,2007-10-08,1,120.0,13970,2006,der.inscr.
8159,A,2007-10-08,9,100.0,13970,2006,int.
8159,A,2007-10-08,1,160.0,13970,2007,der.inscr.
8159,A,2007-10-08,9,22.0,13970,2007,int.
8133,A,2007-10-08,1,160.0,22604,2007,der.inscr.
8133,A,2007-10-08,9,22.0,22604,2007,int.
6780,A,2007-10-08,1,160.0,22594,2007,der.inscr.
6780,A,2007-10-08,9,22.0,22594,2007,int.
2521,EM,2007-10-08,1,330.0,13970,2006,der.inscr.
2521,EM,2007-10-08,1,430.0,13970,2007,der.inscr.
2521,EM,2007-10-08,9,167.0,13970,2007,int.
7464,A,2007-10-10,1,95.0,14000,2006,6/8 cuotas
7464,A,2007-10-10,9,42.0,14000,2006,6/8 cuotas
5203,A,2007-10-10,1,160.0,22627,2007,der.insc.
5203,A,2007-10-10,9,22.0,22627,2007,recargo
6466,A,2007-10-12,1,160.0,22679,2007,DER.INSC.
6466,A,2007-10-12,9,22.0,22679,2007,RECARGO
7398,A,2007-10-11,9,0.0,0,0,RECARGO
8579,A,2007-10-11,2,75.0,22642,2007,CANCEL.TOTAL
8579,A,2007-10-11,1,120.0,22642,2007,CANCEL.TOTAL
7801,A,2007-10-12,1,160.0,22682,2007,der.insc.
7801,A,2007-10-12,9,22.0,22682,2007,recargo
4803,A,2007-10-16,1,160.0,22695,2007,der.insc.
4803,A,2007-10-16,9,22.0,22695,2007,recargo
3688,A,2007-10-02,3,120.0,0,2002,eximic.
3688,A,2007-10-02,3,120.0,0,2003,eximic.
3688,A,2007-10-02,3,120.0,0,2004,eximic.
3688,A,2007-10-02,3,120.0,0,2005,eximic.
3688,A,2007-10-02,3,120.0,0,2006,eximic.
3688,A,2007-10-02,3,160.0,0,2007,eximic.
891,A,2007-10-16,4,160.0,0,2007,RESOL.92/04
705,A,2007-10-16,4,160.0,0,2007,RESOL.92/04
6171,A,2007-10-01,1,160.0,4343,2007,der.inscr.
6171,A,2007-10-01,9,19.0,4343,2007,int.
8112,A,2007-10-09,1,160.0,4373,2007,der.inscr.
8112,A,2007-10-09,9,22.0,4373,2007,int.
8230,A,2007-10-09,1,160.0,3178,2007,der.inscr.
8230,A,2007-10-09,9,22.0,3178,2007,int.
6755,A,2007-10-19,1,120.0,22750,2006,der.inscr.
6755,A,2007-10-19,9,39.0,22751,2006,int.
6755,A,2007-10-19,1,160.0,22750,2007,der.inscr.
6755,A,2007-10-19,9,22.0,22750,2007,int.
3782,A,2007-10-19,1,50.0,22747,2007,a cuenta
6820,A,2007-10-19,1,160.0,14049,2007,der.inscr.
6820,A,2007-10-19,9,22.0,14049,2007,int.
8691,A,2007-10-22,1,40.0,22755,2007,4/4 cancela
8691,A,2007-10-22,2,25.0,22755,2007,4/4 canc.gto
3746,A,2007-10-23,1,160.0,22805,2007,der.inscr.
3746,A,2007-10-23,9,22.0,22805,2007,int.
1823,A,2007-10-23,1,160.0,22785,2007,der.inscr.
1823,A,2007-10-23,9,22.0,22785,2007,int.
4891,A,2007-10-24,1,160.0,22827,2007,der.inscr.
4891,A,2007-10-24,9,22.0,22827,2007,int.
2597,EM,2007-10-24,1,330.0,14097,2006,der.inscr.
2597,EM,2007-10-24,1,430.0,14097,2007,der.inscr.
2597,EM,2007-10-24,9,167.0,14097,2007,int.
7402,A,2007-10-25,1,160.0,22845,2007,der.inscr.
7402,A,2007-10-25,9,22.0,22845,2007,int.
2505,EM,2007-10-25,1,430.0,14102,2007,der.inscr.
2505,EM,2007-10-25,9,60.0,14102,2007,int.
7984,A,2007-10-03,3,120.0,0,2005,EXIMIDO
7984,A,2007-10-03,3,160.0,0,2006,EXIMIDO
7984,A,2007-10-03,3,160.0,0,2007,EXIMIDO
8682,A,2007-10-29,1,80.0,22861,2007,CANCEL.TOTAL
8682,A,2007-10-29,2,50.0,22861,2007,CANCEL.TOTAL
4337,A,2007-10-30,1,120.0,14141,2007,cancel.total
4337,A,2007-10-30,9,15.0,14141,2007,recargo
8422,A,2007-10-30,1,160.0,22886,2007,der.insc.
8422,A,2007-10-30,9,22.0,22886,2007,recargo
8527,A,2007-10-30,1,160.0,22877,2007,der.insc.
8527,A,2007-10-30,9,22.0,22877,2007,recargo
8061,A,2007-11-02,1,160.0,22968,2007,der.insc.
8061,A,2007-11-02,9,24.0,22968,2007,recargo
8478,A,2007-11-02,1,160.0,14169,2007,der.insc.
8478,A,2007-11-02,9,24.0,14169,2007,recargo
2666,EM,2007-11-02,1,430.0,14163,2007,der.insc.
2666,EM,2007-11-02,9,66.0,14163,2007,recargo
8362,A,2007-11-05,1,160.0,22989,2007,der.inscr.
8363,A,2007-11-05,1,160.0,22987,2007,der.inscr.
6325,A,2007-11-05,1,160.0,22986,2007,der.inscr.
8372,A,2007-11-05,1,160.0,22969,2007,der.inscr.
8372,A,2007-11-05,9,24.0,22969,2007,int.
7159,A,2007-11-06,1,160.0,22995,2007,der.insc.
7159,A,2007-11-06,9,24.0,22995,2007,recargo
2657,EM,2007-10-22,1,430.0,4406,2007,der.inscr.
2657,EM,2007-10-22,9,60.0,4406,2007,int.
2395,EM,2007-10-31,1,430.0,1544,2007,der.inscr.
2395,EM,2007-10-31,9,60.0,1544,2007,int.
6325,A,2007-11-05,1,327.0,22986,2006,cancel.plan
8678,A,2007-11-07,1,40.0,23009,2007,CANCEL.TOTAL
8678,A,2007-11-07,2,25.0,23009,2007,CANCEL.TOTAL
3205,A,2007-11-07,1,160.0,14200,2007,der.insc.
3205,A,2007-11-07,9,24.0,14200,2007,recargo
8284,A,2007-11-08,1,80.0,14208,2007,cancela
448,A,2007-11-09,4,160.0,0,2007,RESOL.92/04
2486,EM,2007-11-09,1,1720.0,14212,2007,der.insc.
2486,EM,2007-11-09,9,266.0,14212,2007,intereses
6654,A,2007-11-09,1,160.0,23062,2007,der.insc.
6654,A,2007-11-09,9,24.0,23062,2007,recargo
8250,A,2007-11-09,1,160.0,23049,2007,der.insc.
8250,A,2007-11-09,9,24.0,23049,2007,recargo
7766,A,2007-11-12,1,160.0,14221,2007,der.insc.
7766,A,2007-11-12,9,22.0,14221,2007,recargo
7085,A,2007-11-12,1,45.0,23085,2007,3/4 cuotas
8509,A,2007-11-13,1,80.0,23111,2007,3-4/4 CANC.
8509,A,2007-11-13,9,11.0,23111,2007,int
6548,A,2007-11-13,1,125.0,14224,2007,cancela
8330,A,2007-10-22,1,160.0,3194,2007,der.inscr.
8330,A,2007-10-22,9,22.0,3194,2007,int.
8676,A,2007-10-17,1,120.0,3190,2007,CANCELA
8676,A,2007-10-17,2,75.0,3190,2007,gastos
2226,EM,2007-10-17,1,430.0,1235,2007,der.inscr.
2226,EM,2007-10-17,9,60.0,1235,2007,int
7990,A,2007-11-15,1,60.0,23145,2007,2/3 cuota
6845,A,2007-11-20,1,120.0,23183,2006,der.insc.
6845,A,2007-11-20,9,40.0,23183,2006,recargo
6845,A,2007-11-20,1,160.0,23183,2007,der.insc.
6845,A,2007-11-20,9,24.0,23183,2007,recargo
7926,A,2007-11-02,1,160.0,4463,2007,4/4 cuotas
7926,A,2007-11-02,9,67.5,4463,2007,4/4 cuotas
8547,A,2007-11-06,2,75.0,4467,2007,cancel.total
8547,A,2007-11-06,1,120.0,4467,2007,cancel.total
7491,A,2007-11-09,1,53.0,4471,2007,cancel.total
7491,A,2007-11-09,9,5.0,4471,2007,recargo
1536,A,2007-11-19,4,160.0,0,2007,RESOL.92/04
3929,A,2007-11-21,1,160.0,23210,2007,der.insc.
3929,A,2007-11-21,9,24.0,23210,2007,recargo
8184,A,2007-11-21,1,700.0,23209,2007,der.insc.
8184,A,2007-11-21,9,108.0,23209,2007,recargo
8248,A,2007-11-22,1,160.0,23212,2007,der.insc.
8248,A,2007-11-22,9,24.0,23212,2007,recargo
8697,A,2007-11-12,2,25.0,3221,2007,3/4 cuotas
8697,A,2007-11-12,1,40.0,3221,2007,3/4 cuotas
5743,A,2007-10-31,1,160.0,22918,2007,DER.INSC.
5743,A,2007-10-31,9,22.0,22918,2007,RECARGO
7961,A,2007-11-30,1,120.0,23335,2006,DER.INSC.
7961,A,2007-11-30,1,160.0,23335,2007,DE.RINSC.
7961,A,2007-11-30,9,64.0,23335,2007,RECARGO
7700,A,2007-11-30,1,160.0,23331,2007,DER.INSC.
7700,A,2007-11-30,9,24.0,23331,2007,RECARGO
7085,A,2007-12-03,1,45.0,23368,2007,cancel.total
6946,A,2007-11-21,1,200.0,4510,2007,der.insc.
8213,A,2007-11-29,1,160.0,4533,2007,der.insc.
8213,A,2007-11-29,9,40.0,4533,2007,recargo
3482,A,2007-12-07,1,160.0,14386,2007,der.insc.
3572,A,2007-12-07,1,160.0,14386,2007,der.insc.
8697,A,2007-11-19,1,65.0,3235,2007,cancel.total
3572,A,2007-12-07,9,27.0,14386,2007,recargo
3482,A,2007-12-07,9,27.0,14386,2007,recargo
3997,A,2007-12-12,1,30.0,23505,2004,4/4 cancela
3997,A,2007-12-12,1,120.0,23505,2005,der.inscr.
3997,A,2007-12-12,1,120.0,23505,2006,der.inscr.
3997,A,2007-12-12,1,160.0,23505,2007,der.inscr.
3997,A,2007-12-12,9,134.0,23505,2007,int04/07
6924,A,2007-12-13,1,160.0,23485,2007,der.inscr.
6924,A,2007-12-13,9,27.0,23485,2007,int.
2549,EM,2007-12-13,1,430.0,14415,2007,der.inscr.
2549,EM,2007-12-13,9,73.0,14415,2007,int.
1497,A,2007-12-19,1,160.0,23585,2007,der.inscr.
1497,A,2007-12-19,9,27.0,23585,2007,int.
6578,A,2007-12-20,1,120.0,23604,2006,der.inscr.
6578,A,2007-12-20,1,160.0,23604,2007,der.inscr.
6578,A,2007-12-20,9,69.0,23604,2007,int.
1187,A,2007-12-21,1,120.0,14472,2004,DER.INSC.
1187,A,2007-12-21,1,120.0,14472,2005,der.insc.
1187,A,2007-12-21,9,152.0,14472,2005,recargo
1187,A,2007-12-21,4,120.0,0,2006,resol.92/04
1187,A,2007-12-21,4,160.0,0,2007,resol.92/04
2680,A,2007-12-27,1,160.0,23668,2007,der.inscr.
2680,A,2007-12-27,9,27.0,23668,2007,int.
8506,A,2007-12-27,1,160.0,23677,2007,der.inscr.
8506,A,2007-12-27,9,27.0,23677,2007,int.
1261,A,2007-12-28,1,160.0,14500,2007,der.inscr.
1261,A,2007-12-28,9,27.0,14500,2007,int.
1597,EM,2007-12-28,1,430.0,14503,2007,der.inscr.
1597,EM,2007-12-28,9,73.0,14503,2007,int.
792,A,2007-12-28,4,120.0,0,2006,res 92/04
792,A,2007-12-28,4,160.0,0,2007,res 92/04
7847,A,2008-01-02,1,200.0,23746,2007,der.insc.
3316,A,2008-01-03,1,200.0,23773,2007,der.inscr.
2289,A,2008-01-03,1,200.0,23756,2007,der.inscr.
3782,A,2008-01-07,1,90.0,23828,2007,CANCEL.TOTAL
5984,A,2007-12-18,1,160.0,3274,2007,DER.INSC.
5984,A,2007-12-18,9,27.28,3274,2007,RECARGO
6676,A,2008-01-08,1,200.0,14555,2007,der.inscr.
6540,A,2007-12-21,1,100.0,4597,2007,cancela
6540,A,2007-12-21,9,17.0,4597,2007,int
7280,A,2008-01-11,1,200.0,14582,2007,der.insc.
2097,EM,2008-01-11,1,530.0,14591,2007,der.insc.
2653,EM,2008-01-11,1,530.0,14588,2007,der.insc.
5696,A,2008-01-11,1,200.0,14588,2007,der.insc.
7942,A,2008-01-11,1,200.0,23916,2007,der.insc.
2348,A,2008-01-11,1,200.0,14586,2007,der.insc.
7653,A,2008-01-15,3,120.0,0,2002,eximic.deuda
7653,A,2008-01-15,3,120.0,0,2003,eximic.deuda
7653,A,2008-01-15,3,120.0,0,2004,eximic.deuda
7653,A,2008-01-15,3,120.0,0,2005,eximic.deuda
7653,A,2008-01-15,3,120.0,0,2006,eximic.deuda
7653,A,2008-01-15,3,160.0,0,2007,eximic.deuda
7701,A,2008-01-15,1,200.0,23964,2004,der.insc.
7701,A,2008-01-15,1,200.0,23964,2005,der.insc.
7701,A,2008-01-15,1,200.0,23964,2006,der.insc.
7701,A,2008-01-15,1,200.0,23964,2007,der.insc.
7464,A,2008-01-15,1,274.0,14610,2007,cancel.total
5514,A,2008-01-16,1,0.0,0,2002,paga c/inspe
5514,A,2008-01-16,1,0.0,0,2003,a cta.labor
5514,A,2008-01-16,1,0.0,0,2005,p/honorarios
5514,A,2008-01-16,1,0.0,0,2006,p/honorarios
7618,A,2008-01-16,1,240.0,23993,2002,der.insc.
7618,A,2008-01-16,1,480.0,23993,2003,der.insc.
7618,A,2008-01-16,1,480.0,23993,2004,der.insc.
7618,A,2008-01-16,1,528.0,23993,2005,der.insc.
7618,A,2008-01-16,1,528.0,23993,2006,der.insc.
7618,A,2008-01-16,1,700.0,23993,2007,der.insc.
7618,A,2008-01-16,9,1562.0,23993,2007,recargo
6062,A,2008-01-17,1,100.0,24023,2007,cancel.total
8166,A,2008-01-14,1,160.0,3318,2007,der.inscr.
8166,A,2008-01-14,9,27.0,3318,2007,int.
8147,A,2008-01-22,1,200.0,24064,2007,der.inscr.
7013,A,2008-01-28,1,200.0,14675,2007,der.inscr.
8214,A,2008-01-28,1,200.0,14674,2007,der.inscr.
5587,A,2008-01-29,1,200.0,24149,2002,DER.INSC.
5587,A,2008-01-29,1,200.0,24149,2003,DER.INSC.
5587,A,2008-01-29,1,200.0,24149,2004,DER.INSC.
5587,A,2008-01-29,1,200.0,24149,2005,DER.INSC.
5587,A,2008-01-29,1,200.0,24149,2006,DER.INSC.
5587,A,2008-01-29,1,200.0,24149,2007,DER.INSC.
8435,A,2008-01-29,1,200.0,14677,2007,der.insc.
6515,A,2008-01-30,1,200.0,24182,2007,der.inscr.
8156,A,2008-01-30,1,200.0,24166,2007,der.inscr.
4389,A,2008-02-04,1,216.0,24256,2007,der.inscr.
8019,A,2008-02-06,1,216.0,24288,2007,der.inscr.
3902,A,2008-02-06,3,216.0,0,2002,EXIMICION
3902,A,2008-02-06,3,216.0,0,2003,EXIMIC.
3902,A,2008-02-06,3,216.0,0,2004,EXIMIC.
3902,A,2008-02-06,3,216.0,0,2005,EXIMIC.
3902,A,2008-02-06,3,216.0,0,2006,EXIMIC.
3902,A,2008-02-06,1,216.0,24297,2007,DER.INSC.
8309,A,2008-01-08,1,200.0,4630,2007,der.insc.
6786,A,2008-02-07,1,200.0,14747,2007,der.insc.
7883,A,2008-02-08,1,216.0,24333,2007,der.inscr.
7528,A,2008-02-13,1,200.0,24399,2007,DER.INSC.
4645,A,2008-02-12,1,108.0,24389,2007,1/2 CUOTAS
8338,A,2008-02-18,1,200.0,24448,2006,der.inscr.
8338,A,2008-02-18,1,200.0,24448,2007,der.inscr.
4959,A,2008-02-04,1,20.0,4716,2002,cancela
4959,A,2008-02-04,1,180.0,4716,2002,der.inscr.
4959,A,2008-02-04,1,200.0,4716,2003,der.inscr.
4959,A,2008-02-04,1,200.0,4716,2004,der.inscr.
4959,A,2008-02-04,1,200.0,4716,2005,der.inscr.
4959,A,2008-02-04,1,200.0,4716,2006,der.inscr.
4959,A,2008-02-04,1,200.0,4716,2007,der.inscr.
8262,A,2008-02-21,1,200.0,14845,2007,der.inscr.
8374,A,2008-02-21,1,200.0,24523,2007,der.inscr.
2740,A,2008-02-22,1,200.0,14866,2006,der.inscr.
2740,A,2008-02-22,1,200.0,14866,2007,der.inscr.
2740,A,2008-02-22,1,200.0,24537,2002,der.inscr.
2740,A,2008-02-22,1,200.0,24537,2003,der.inscr.
2740,A,2008-02-22,1,200.0,24537,2004,der.inscr.
2740,A,2008-02-22,1,200.0,24537,2005,der.inscr.
7212,A,2008-02-27,1,200.0,24596,2005,der.insc.
7212,A,2008-02-27,1,200.0,24596,2006,der.insc.
7212,A,2008-02-27,1,200.0,24596,2007,der.insc.
3398,A,2008-02-29,1,200.0,14917,2002,der.insc.
3398,A,2008-02-29,1,200.0,14917,2003,der.insc.
3398,A,2008-02-29,1,200.0,14917,2004,der.insc.
3398,A,2008-02-29,1,200.0,14917,2005,der.insc.
3398,A,2008-02-29,1,200.0,14917,2006,der.insc.
3398,A,2008-02-29,1,200.0,14917,2007,der.insc.
6005,A,2008-02-29,1,200.0,14917,2002,der.insc.
6005,A,2008-02-29,1,200.0,14917,2003,der.insc.
6005,A,2008-02-29,1,200.0,14917,2004,der.insc.
6005,A,2008-02-29,1,200.0,14917,2005,der.insc.
6005,A,2008-02-29,1,200.0,14917,2006,der.insc.
6005,A,2008-02-29,1,200.0,14917,2007,der.insc.
1890,EM,2008-03-05,1,530.0,14935,2000,der.inscr.
1890,EM,2008-03-05,1,530.0,14935,2001,der.inscr.
1890,EM,2008-03-05,1,530.0,14934,2002,der.inscr.
1890,EM,2008-03-05,1,530.0,14934,2003,der.inscr.
1890,EM,2008-03-05,1,530.0,14934,2004,der.inscr.
1890,EM,2008-03-05,1,530.0,14934,2005,der.inscr.
1890,EM,2008-03-05,1,530.0,14934,2006,der.inscr.
1890,EM,2008-03-05,1,530.0,14934,2007,der.inscr.
6753,A,2008-03-07,1,200.0,24730,2007,der.inscr.
5598,A,2008-03-07,1,200.0,24739,2006,der.inscr.
5598,A,2008-03-07,1,200.0,24739,2007,der.iscr.
5834,A,2008-03-07,1,200.0,24750,2006,der.inscr.
8441,A,2008-03-10,1,200.0,24754,2007,der.insc.
7256,A,2008-03-10,1,100.0,24761,2007,cancel.total
4645,A,2008-03-11,1,92.0,24775,2007,cancela
2625,EM,2008-03-11,1,530.0,14962,2006,der.inscr.
2625,EM,2008-03-11,1,530.0,14962,2007,der.inscr.
7963,A,2008-03-14,1,200.0,24802,2007,der.inscr.
3815,A,2008-03-18,1,200.0,14998,2002,der.insc.
3815,A,2008-03-18,1,200.0,14998,2003,der.insc.
3815,A,2008-03-18,1,200.0,14998,2004,der.insc.
3815,A,2008-03-18,1,200.0,14998,2005,der.insc.
3815,A,2008-03-18,1,200.0,14998,2006,der.insc.
3815,A,2008-03-18,1,200.0,14998,2007,der.insc.
8340,A,2008-03-17,1,200.0,24830,2007,der.insc.
3058,A,2008-03-19,1,200.0,15016,2007,DER.INSC.
2601,EM,2008-03-19,1,530.0,15016,2007,der.insc.
7064,A,2008-03-19,1,200.0,24860,2002,DER.INSC.
7064,A,2008-03-19,1,200.0,24860,2003,DER.INSC.
7064,A,2008-03-19,1,200.0,24860,2004,DER.INSC.
7064,A,2008-03-19,1,200.0,24860,2005,DER.INSC.
7064,A,2008-03-19,1,200.0,24860,2006,DER.INSC.
7064,A,2008-03-19,1,200.0,24860,2007,DER.INSC.
8510,A,2008-03-25,1,200.0,24893,2007,DER.INSC.
2831,A,2008-03-26,1,200.0,24917,2005,der.insc.
2831,A,2008-03-26,1,200.0,24917,2006,der.insc.
2831,A,2008-03-26,1,200.0,24917,2007,der.insc.
2659,EM,2008-03-27,1,530.0,15063,2007,der.insc.
8111,A,2008-03-27,1,870.0,24926,2005,der.insc.
8111,A,2008-03-27,1,870.0,24926,2006,der.insc.
8111,A,2008-03-27,1,870.0,24926,2007,der.insc.
4324,A,2008-03-28,1,200.0,15073,2002,der.insc.
4324,A,2008-03-28,1,200.0,15073,2003,der.insc.
4324,A,2008-03-28,1,200.0,15073,2004,der.insc.
4324,A,2008-03-28,1,200.0,15073,2005,der.insc.
4324,A,2008-03-28,1,200.0,15073,2006,der.insc.
4324,A,2008-03-28,1,200.0,15073,2007,der.insc.
4708,A,2008-04-01,1,200.0,24987,2007,der.insc.
4762,A,2008-04-08,1,200.0,25067,2007,der.insc.
2524,EM,2008-04-09,1,530.0,15141,2005,DER.INSC.
2524,EM,2008-04-09,1,530.0,15141,2006,DER.INSC.
2524,EM,2008-04-09,1,530.0,15141,2007,DER.INSC.
2647,EM,2008-04-11,1,530.0,15160,2007,DER.INSC.
6700,A,2008-04-11,1,200.0,25113,2007,der.insc.
6379,A,2008-04-18,1,160.0,25222,2007,cancela
7272,A,2008-04-21,1,200.0,25227,2006,der.inscr.
7272,A,2008-04-21,1,200.0,25227,2007,der.inscr.
7057,A,2008-04-21,1,200.0,25233,2006,der.inscr.
7057,A,2008-04-21,1,200.0,25233,2007,der.inscr.
4071,A,2008-04-21,1,200.0,25236,2007,der.inscr.
7698,A,2008-03-17,1,200.0,3406,2007,der.inscr.
7488,A,2008-04-23,1,200.0,25263,2006,DER.INSC.
7488,A,2008-04-23,1,200.0,25263,2007,DER.INSC.
2036,A,2008-04-22,4,160.0,0,2007,resol.92/04
7050,A,2008-04-24,1,200.0,15242,2006,der.insc.
7050,A,2008-04-24,1,200.0,15243,2007,der.insc.
7611,A,2008-04-24,1,200.0,15247,2003,der.insc.
7611,A,2008-04-24,1,200.0,15247,2004,der.insc.
7611,A,2008-04-24,1,200.0,15247,2005,der.insc.
7611,A,2008-04-24,1,200.0,15247,2006,der.insc.
7611,A,2008-04-24,1,200.0,15247,2007,der.insc.
4848,A,2008-04-24,1,200.0,15248,2007,der.insc.
2132,A,2008-04-25,1,100.0,25330,2002,cancela
2132,A,2008-04-25,1,200.0,25330,2003,der .inscr.
2132,A,2008-04-25,4,200.0,0,2004,res.92/04
2132,A,2008-04-25,4,200.0,0,2005,res.92/04
2132,A,2008-04-25,4,200.0,0,2006,res.92/04
2132,A,2008-04-25,4,200.0,0,2007,res.92/04
8419,A,2008-04-29,1,50.0,15286,2007,CANCEL.TOTAL
4138,A,2008-04-29,1,200.0,25354,2007,DER.INSC.
7666,A,2008-04-28,1,700.0,25334,2007,der.insc.
7369,A,2008-04-30,1,200.0,25366,2002,der.insc.-
7369,A,2008-04-30,1,200.0,25366,2003,der.insc.
7369,A,2008-04-30,1,200.0,25366,2004,der.insc.
7369,A,2008-04-30,1,200.0,25366,2005,der.insc.
7369,A,2008-04-30,1,200.0,25366,2006,der.insc.
7369,A,2008-04-30,1,200.0,25366,2007,der.insc.
5003,A,2008-05-02,1,200.0,25401,2007,der.insc.
6087,A,2008-05-07,1,200.0,15333,2007,der.insc.
4178,A,2008-05-07,1,200.0,15333,2007,der.insc.
2552,EM,2008-05-07,1,530.0,15333,2006,der.insc.
2552,EM,2008-05-07,1,530.0,15333,2007,der.insc.
2744,A,2008-05-07,1,200.0,25456,2006,der.insc.
7732,A,2008-04-24,1,200.0,3450,2007,der.inscr.
5729,A,2008-05-08,1,200.0,15348,2002,der.insc.
5729,A,2008-05-08,1,200.0,15348,2003,der.insc.
5729,A,2008-05-08,1,200.0,15348,2004,der.insc.
5729,A,2008-05-08,1,200.0,15348,2005,der.insc.
5729,A,2008-05-08,1,200.0,15348,2006,der.insc.
5729,A,2008-05-08,1,200.0,15348,2007,der.insc.
8448,A,2008-05-08,1,200.0,15355,2007,der.insc.
3984,A,2008-05-12,1,200.0,25502,2007,der.insc.
7523,A,2008-05-13,1,200.0,25515,2007,der.insc.
8157,A,2008-05-13,1,870.0,25522,2005,der.insc.
8157,A,2008-05-13,1,870.0,25522,2006,der.insc.
8157,A,2008-05-13,1,870.0,25522,2007,der.insc.
8413,A,2008-05-14,1,200.0,15381,2007,der.insc.
6612,A,2008-05-09,1,200.0,3461,2007,der.insc.
8270,A,2008-05-20,1,200.0,25594,2007,Der.insc.
4644,A,2008-05-21,1,200.0,15433,2007,der.insc.
6955,A,2008-05-22,1,502.0,25646,2003,cancel.plan
6955,A,2008-05-22,1,0.0,25646,2004,cancela plan
6955,A,2008-05-22,1,0.0,25646,2005,cancel.plan
6955,A,2008-05-22,3,200.0,0,2006,eximicin
6955,A,2008-05-22,3,200.0,0,2007,eximicin
2145,EM,2008-05-26,1,530.0,15461,2001,DER.INSC.
2145,EM,2008-05-26,1,530.0,15461,2002,DER.INSC.
2284,EM,2008-05-27,1,530.0,15469,2004,DER.INSC.
2284,EM,2008-05-27,1,530.0,15469,2005,DER.INSC.
2284,EM,2008-05-27,1,530.0,15469,2006,DER.INSC.
2284,EM,2008-05-27,1,530.0,15469,2007,DER.INSC.
2145,EM,2008-05-26,1,530.0,15461,2003,DER.INSC.
2145,EM,2008-05-26,1,530.0,15461,2004,DER.INSC.
2145,EM,2008-05-26,1,530.0,15461,2005,DER.INSC.
2145,EM,2008-05-26,1,530.0,15461,2006,DER.INSC.
2145,EM,2008-05-26,1,530.0,15461,2007,DER.INSC.
7008,A,2008-05-26,1,200.0,25684,2003,DER.INSC.
7008,A,2008-05-26,1,200.0,25684,2004,DER.INSC.
7008,A,2008-05-26,1,200.0,25684,2005,DER.INSC.
7008,A,2008-05-26,1,200.0,25684,2006,DER.INSC.
7008,A,2008-05-26,1,200.0,25684,2007,DER.INSC.
2457,A,2008-05-27,1,200.0,25690,2007,der.insc.
6242,A,2008-05-27,3,200.0,0,2002,EXIMIC.DEUDA
6242,A,2008-05-27,3,200.0,0,2003,EXIMIC.
6242,A,2008-05-27,3,200.0,0,2004,EXIMIC.
6242,A,2008-05-27,3,200.0,0,2005,EXIMIC.
6242,A,2008-05-27,3,200.0,0,2006,EXIMIC.
6242,A,2008-05-27,3,200.0,0,2007,EXIMIC.
4253,A,2008-05-27,1,200.0,25704,2007,der.insc.
8170,A,2008-05-28,1,870.0,15490,2007,der.insc.
8267,A,2008-05-28,1,200.0,25714,2007,der.insc.
8541,A,2008-05-28,1,100.0,25717,2007,cancel.total
8541,A,2008-05-28,2,50.0,25717,2007,cancel.total
8040,A,2008-05-28,1,200.0,15486,2007,der.insc.
4601,A,2008-05-29,1,200.0,25736,2007,der.insc.
8700,A,2008-05-30,1,50.0,0,0,cancel.total
8700,A,2008-05-30,2,50.0,25777,2007,cancel.total
8700,A,2008-05-30,1,137.0,25777,2007,cancel.total
7947,A,2008-05-30,1,200.0,25764,2007,der.insc.
3614,A,2008-05-20,3,200.0,0,2007,eximicin
8823,A,2008-05-28,1,0.0,0,,
8824,A,2008-05-29,1,0.0,0,,
7857,A,2008-06-02,1,200.0,25792,2007,der.insc.
4757,A,2008-06-02,1,200.0,25784,2005,der.insc.
4757,A,2008-06-02,1,200.0,25784,2006,der.insc.
4757,A,2008-06-02,1,200.0,25784,2007,der.insc.
8013,A,2008-05-27,1,200.0,4934,2007,der.insc.
8516,A,2008-06-04,1,200.0,25828,2007,der.insc.
8273,A,2008-06-05,1,200.0,25856,2007,der.inscr.
8382,A,2008-06-06,1,200.0,25870,2007,der.inscr.
1602,EM,2008-06-10,1,530.0,15573,2007,der.insc.
60,EM,2008-06-10,1,530.0,15576,2007,der.insc.
802,A,2008-06-17,1,200.0,25998,2003,der.insc.
802,A,2008-06-17,4,200.0,25998,2004,Resol.92/04
802,A,2008-06-17,4,200.0,25998,2005,Resol.92/04
802,A,2008-06-17,4,200.0,25998,2006,Resol.92/04
802,A,2008-06-17,4,200.0,25998,2007,Resol.92/04
6944,A,2008-06-18,1,200.0,26016,2002,der.inscr.
6944,A,2008-06-18,1,200.0,26016,2003,der.inscr.
6944,A,2008-06-18,1,200.0,26016,2004,der.inscr.
6944,A,2008-06-18,1,200.0,26016,2005,der.inscr.
6944,A,2008-06-18,1,200.0,26016,2006,der.inscr.
6944,A,2008-06-18,1,200.0,26016,2007,der.inscr.
4651,A,2007-10-29,3,200.0,0,2007,EXIMIC.PAGO
7493,A,2008-06-20,1,200.0,26046,2007,der.inscr.
7258,A,2008-06-20,1,200.0,26045,2007,der.inscr.
597,A,2008-06-17,4,160.0,0,2007,RESOL.92/04
7698,A,2008-03-17,3,200.0,0,2002,eximic.xnota
7698,A,2008-03-17,3,200.0,0,2003,eximic.nota
7698,A,2008-03-17,3,200.0,0,2004,eximic.nota
7698,A,2008-03-17,3,200.0,0,2005,eximic.nota
7698,A,2008-03-17,3,200.0,0,2006,eximic.nota
4024,A,2008-06-26,1,200.0,15668,2007,der.insc.
2189,EM,2008-06-26,1,530.0,15666,2007,der.insc.
1817,A,2008-06-26,4,160.0,0,2007,Exim.R.62/04
2271,EM,2008-06-27,1,530.0,15675,2007,der.insc.
6340,A,2008-06-20,1,200.0,4995,2007,der.insc.
6356,A,2008-06-23,1,200.0,5003,2007,der.insc.
8175,A,2008-06-24,1,200.0,5007,2007,der.insc.
8400,A,2008-07-01,1,200.0,26205,2007,der.inscr.
8643,A,2008-07-01,2,25.0,26213,2007,4/4 gastos
8643,A,2008-07-01,1,40.0,26213,2007,4/4 cancela
6810,A,2008-06-27,1,200.0,5027,2007,DER.INSC.
2627,EM,2008-07-08,1,530.0,26295,2006,DER.INSC.
2627,EM,2008-07-08,1,530.0,26295,2007,DER.INSC.
8531,A,2008-07-08,1,200.0,26298,2007,der.insc.
3437,A,2008-07-21,1,200.0,26411,2007,der.inscr.
7500,A,2008-07-23,1,200.0,26447,2006,der.inscr.
7500,A,2008-07-23,1,200.0,26447,2007,der.inscr.
2180,EM,2008-07-24,1,530.0,15851,2007,der.inscr.
7006,A,2008-07-24,1,100.0,26459,2007,3-4/4 cancel
8517,A,2008-07-30,1,200.0,26513,2007,der.inscr.
4817,A,2008-07-30,1,200.0,26507,2007,der.inscr.
3290,A,2008-08-12,1,200.0,26679,2005,der.inscr.
3290,A,2008-08-12,1,200.0,26679,2006,der.inscr.
3290,A,2008-08-12,1,200.0,26679,2007,der.inscr.
2114,EM,2008-08-01,1,530.0,15894,2007,der.inscr.
3773,A,2008-08-06,1,200.0,26589,2002,der.inscr.
3773,A,2008-08-06,1,38.0,26589,2003,a cuenta
3773,A,2008-08-07,1,162.0,26599,2003,cancel.
3773,A,2008-08-07,1,200.0,26599,2004,der.inscr.
3773,A,2008-08-07,1,200.0,26599,2005,der.inscr.
3773,A,2008-08-07,1,200.0,26599,2006,der.inscr.
3773,A,2008-08-07,1,200.0,26599,2007,der.inscr.
1851,A,2008-08-08,1,200.0,26629,2007,der.inscr.
2674,EM,2008-08-11,1,530.0,15940,2007,der.insc.
2744,A,2008-08-12,1,200.0,26665,2007,der.insc.
4395,A,2008-08-13,1,200.0,15966,2007,der.inscr.
2007,EM,2008-08-13,1,1442.0,15967,2002,der.inscr.
2007,EM,2008-08-13,1,1442.0,15967,2003,der.inscr.
2007,EM,2008-08-13,1,1442.0,15967,2004,der.inscr.
2007,EM,2008-08-13,1,1442.0,15967,2005,der.inscr.
2007,EM,2008-08-13,1,1442.0,15967,2006,der.inscr.
2007,EM,2008-08-13,1,1442.0,15967,2007,der.inscr.
2634,EM,2008-08-14,1,2120.0,15971,2007,der.insc .
7088,A,2008-08-08,1,200.0,5094,2007,der.insc.
2687,EM,2008-08-06,1,1140.0,1713,2007,der.insc.
7431,A,2008-08-21,1,200.0,26758,0,DER.INSC.
2622,EM,2008-08-28,1,530.0,16035,2007,der.inscr.
5293,A,2008-04-25,1,200.0,15257,2007,der.insc.
4683,A,2008-04-25,1,200.0,15257,2007,der.insc.
6853,A,2008-04-25,1,200.0,15257,2007,der.insc.
3826,A,2008-04-25,1,200.0,15257,2007,der.insc.
8245,A,2008-04-25,1,200.0,15257,2007,der.insc.
7220,A,2008-04-25,1,200.0,15257,2007,der.insc.
8244,A,2008-04-25,1,200.0,15257,2007,der.insc.
8862,A,2008-08-15,1,0.0,0,,
8870,A,2008-08-28,1,0.0,0,,
